keyword,kid
 (im)primitive group,1
 alternating group,2
 arc-transitive graph,3
 area generating function,4
 cage,5
 Cartesian product,6
 commutator subgroup,7
 convex subgraph,8
 cube polynomial,9
 degree,10
" dessin d'enfant, hypermap",11
 Distance energy,12
 duality,13
 edge coloring,14
 edge-amalgamation,15
 epimorphism,16
 equivelar polytope,17
 facial walk,18
 Finite Geometries,19
 flat polytope,20
 Frobenius groups,21
 generalized Petersen graph,22
 generators,23
 genus distribution,24
 girth,25
 graph algorithms,26
 graph polynomials,27
 half-arc-transitive graph,28
 Hamilton cycle,29
 Hamilton path,30
 hamiltonian cycle,31
 hexagonal-celled,32
 injectivity radius,33
 internal and external active edges,34
 isometric subgraph,35
 Join,36
" Kekul\\'e structure, perfect matching, distributive lattice, median graph",37
 linear programming duality,38
 Livingstone--Wagner Theorem,39
 mixing,40
 nearly convex column,41
 network models,42
 nilpotent group,43
 NMDS-Code,44
 Paralell Backtracking search with isomorph rejection.,45
 partial cubes,46
 planar width,47
 primitive groups,48
 Regular graphs.,49
 regular hypermap,50
 semi-directed,51
 semiregular group,52
 Spectrum,53
 strongy distance-balanced,54
 Symmetric Designs,55
 symmetric group,56
 Tranisitvity,57
 Tutte polynomial,58
 weak discrepancy,59
(19_4)-configurations,60
"(n,3)-configuration, geometric configuration, anti-Pappian, rational coordinatization, elliptic curve",61
"(Rooted) near-4-regular map, separating cycle, Lagrangian inversion, enumerating function, asymptotic",62
"05C15, 05C25, 05C38, 90B10",63
"1-planar graph, light graph",64
"1-planar graph, lightness, cycle, discharging",65
"2-design, automorphism group, primitivity, flag-transitivity.",66
"2-Distance-transitive graph, 2-arc-transitive graph, permutation group.",67
"2-factorizations, Hamilton-Waterloo problem, Oberwolfach problem, cycle decomposition, resolvable decompositions",68
"2-factorizations, resolvable cycle decompositions, cycle systems,  (generalized) Oberwolfach problem, Hamilton-Waterloo problem",69
"2-neighbour-transitive, alphabet-almost-simple, automorphism groups, Hamming graph, completely transitive",70
"2-tree, maximal outerplanar, partition, Stirling numbers",71
"2-trees, graph colouring, Gray codes, Hamilton cycles, reconfiguration problems",72
"3-sun system, embedding, difference set",73
"Abelian group, constant sum partition, group distance magic labeling",74
"abstract chiral polytopes, almost simple groups",75
"abstract polytopes, regular polytopes, projective linear groups",76
"abstract regular or chiral polytopes, symmetric graphs",77
Abstract regular or uniform polytopes,78
abstract regular polytope,79
"Abstract regular polytope, equivelar polytope, flat polytope, tight polytope",80
"Abstract regular polytopes, Coxeter groups, alternating groups, string C-groups",81
"Abstract regular polytopes, string C-groups, small Ree groups, permutation groups",82
"Achiral symmetry, chiral symmetry, equivalence of actions, finite group action, isometry, orbifold, symmetry",83
"Achromatic index, complete coloring, finite affine space, pseudoachromatic index",84
"Acyclic coloring, maximum degree",85
"Additive permutation, Skolem sequence, transversal",86
"Adjacency matrix, characteristic polynomial, molecular conduction, eigenvalues, weighted graphs",87
"Adjacency matrix, graph eigenvalues, star complement, divisor concept, mathematical software",88
"Adjacency matrix, least eigenvalue, root system, signed line graph, exceptional signed graph, signed graph decomposition",89
"adjacency matrix, nut fullerenes, eigenvectors",90
"adjacency matrix, singular graphs, nullity, extremal singular graphs, singular congurations, core width",91
"adjacency matrix, singular graphs, nut graphs,   uniform core graphs, interlacing.",92
"Aggregates, omittable lines",93
"Algebraic number field, relative size, relative normalised size, Mahler measure, Schur-Siegel-Smyth trace problem",94
"Algorithm, abelian cover, Cayley voltages, covering projection, graph,  group extension, group presentation, lifting automorphisms,  linear systems over the integers,  semidirect product.",95
"Algorithm, graph, group extension, lifting automorphisms, regular covering projection, voltages",96
"alpha-resolvable G-design, alpha-parallel class, (K_4 - e)-design",97
"amilton-connected, Hamilton-laceable, Cayley graphs, generalized dihedral group, honeycomb toroidal graph",98
"Anonymity, privacy, social network",99
"antimatroid, polyhedron, convex dimension, lattice animal, polyomino",100
"Antipodal graph, association scheme, distance regular graph of diameter 3, Godsil-Hensel matrix, group ring, Taylor graph, two-graph.",101
"Antipodal graph, automorphism group, association scheme, conference matrix, distance regular cover, generalized Hadamard matrix, Godsil-Hensel matrix, group ring, Foster graph, Mathieu group, Payne's doily, resolvable transversal design, Schur multiplier",102
"Arc-transitive graph, covering graph, 2-transitive group",103
"Arc-transitive graph, normal quotient, automorphism group",104
"Arc-transitive graphs, polycirculant conjecture, semiregular automorphism",105
"Arc-transitive, circulant, quasi m-Cayley graph.",106
"Area evolute, Barbier's theorem, center symmetry set, curvature, curves of constant width, discrete differential geometry, evolutes, Minkowski geometry, normed plane, equidistants, involutes, support function, width function",107
"Arrangement of lines, configuration of lines",108
"Arrangement, congruent triangles",109
"arrangement, simplicial, sporadic",110
"Association scheme, coherent configuration, regular weight, double cover, two-graph, t-graph",111
"association scheme, permutation group, algebraic computation",112
"Association schemes, groups",113
"Association schemes, p-schemes",114
"Automorphism group, balanced hypercube, Cayley graph, arc-transitive",115
"Bargraphs, levels, generating functions, asymptotics.",116
"Bernoulli numbers, hypergeometric Bernoulli numbers, hypergeometric Cauchy numbers, hypergeometric functions, degenerate Bernoulli numbers, determinants, recurrence relations",117
"Bi-Cayley graph, half-arc-transitive graph, metacyclic group",118
"Bi-p-metacirculant, edge-transitive, inner-abelian p-group",119
"Biembedding, orientable surface, twofold triple system",120
"Bigraphs, cross-matching, halving lines, perfect matchings",121
"Binomial coefficients, divisibility, primorials",122
"Binomial sum, integral representation, probabilistic analysis, unbalanced coin",123
"Bipartite graphs, edge-transitive embeddings",124
"Bockting operator, tridiagonal pair, Leonard pair",125
"Cartesian product, quasi product, graph bundle, approximate product, partial star product, product relation.",126
"Catalan numbers, logarithm, generating function, Stirling number",127
"Categorical product, chromatic number, Hedetniemi's conjecture, general Kneser hypergraph",128
"Cayley digraph, reachability relation",129
Cayley graph,130
"Cayley graph, abelian group, automorphism group, asymptotic, p-group",131
"Cayley graph, automorphism, colour-preserving, colour-permuting",132
"Cayley graph, diameter of a graph, abelian group, G-graph, expander family",133
"Cayley graph, distance-regular graph",134
"Cayley graph, half-arc-transitive graph, automorphism group",135
"Cayley graph, half-arc-transitive graph, transitive graph",136
"Cayley graph, hamiltonian cycle",137
"Cayley graph, hamiltonian cycle, commutator subgroup",138
"Cayley graphs, CI-groups.",139
"Cayley graphs, hamiltonian cycles",140
"Cayley graphs, vertex-transitive graphs, sensitivity conjecture",141
"Cayley map, skew morphism, smooth subgroup",142
"CCA problem, Cayley graphs, edge-colouring, Sylow cyclic groups",143
"Centrality measures, betweenness centrality, social networks",144
"Chiral 4-polytope, full rank polytope",145
"Chiral hypermap, chiral map, harmonic differential, homology group.",146
"chiral polytope, regular and chiral",147
"Chord diagram, chord expansion, Genocchi number, Seidel triangle",148
"Chromatic number, circular chromatic number, Kneser graph, stable Kneser graph",149
"Chromatic number, colouring number, Szekeres-Wilf inequality, NP-completeness",150
"chromatic number, independence ratio, crossing number, dependent crossings",151
"CI-group, ternary relation",152
"Circulant graph, automorphism group, Cayley graph, DRR, GRR.",153
"Cluster algebra, maximal green sequence, direct sum",154
"Coherent configurations, association schemes, prime order, symmetric designs",155
"Combinatorial problems, numerical semigroups, Frobenius varieties, Frobenius pseudo-varieties",156
"Commutator, cycle, permutation, alternating group.",157
"Commuting graph, matrix ring, centralizer.",158
"Complete bipartite graphs, reflexible edge-transitive embedding",159
"complete equipartite graph, distinguishing number, distinguishing partition, asymmetric uniform hypergraph",160
"Complete multipartite graph, distinguishing partition, combinatorial species, tree enumeration.",161
"Composition, partition, subset sum, polynomials, finite fields, character, finite abelian groups.",162
"Computational methods in group theory, lattices of subgroups",163
"Computer algebra system, GAP, COCO, coherent configuration, association scheme, strongly regular graph, algebraic automorphism, total graph, Moore graph, Doyle-Holt graph, Gray configuration, generalized quadrangle",164
configuration,165
"Configuration of points and lines, unsplittable configuration, unsplittable graph, independent set, Levi graph, Grünbaum graph, splitting type, cyclic Haar graph",166
"Configuration, irreducible, partial linear space, construction, enumeration.",167
configurations,168
"Configurations, incidence geometry",169
"Configurations, trilaterals",170
"Configurations, trilaterals, matroids",171
Configurations.,172
"Congruent transformation, positive (negative) inertia index, nullity",173
"Connected dominating set, connected domination, connected-domishold graph, forbidden induced subgraph characterization, split graph, chordal graph, minimal cutset, minimal separator, 1-Sperner hypergraph, threshold hypergraph, threshold Boolean function",174
"connectivity, Cartesian product",175
"Consistent graphs, balanced signed graphs, balanced labelings of graphs, gain graphs, weighted graphs",176
"Corona graph, cubic graph, equitable chromatic number, equitable graph coloring, NP-hardness, polynomial algorithm",177
"Counting of homomorphisms, Non-equivalent coverings, Disconnected coverings, Fundamental group, Euler transform",178
"Covering projection, canonical cover, regular cover, automorphisms",179
"Covering projection, graph, group extension, lifting automorphisms, voltage assignment",180
"Coxeter group, embedding",181
"Coxeter system, Cayley graph.",182
"critical independent set, critical independence number, independence number, matching number, König-Egerváry graph",183
"crossing number, genus",184
"Cubic graph, 2-factor, long cycle, snark, infinite graph",185
"Cubic graph, cyclic connectivity, edge-colouring, snark, oddness, computation",186
"Cubic graph, perfect matching, oddness, Fan-Raspaud Conjecture, Berge-Fulkerson Conjecture, Petersen-colouring",187
"Cubic graph, Petersen graph, Petersen coloring conjecture, S_10-conjecture",188
cycle basis,189
"Cycle space, Cycle basis, lexicographic product",190
"Cycle space, Cycle basis, robust, quasi-robust, Kainen's Basis, elementary cycle, complete bipartite, Cartesian product",191
"Cyclic group, permutation group, skew-morphism, Schur ring",192
"Degree-diameter problem, Cayley graphs, circulant graphs, sumsets",193
"Dessins d'enfants, Belyi curves, Algebraic curves, Riemann Surfaces",194
"Dessins d'enfants, Riemann surfaces, field of moduli and field of definition",195
"Dessins d'enfants, Wada dessins, bipartite graphs, graph embeddings, difference sets, finite geometries, Riemann surfaces, Frobenius automorphism, Singer groups",196
"Determinant, permanent, Hessenberg matrix",197
"Digraph, automorphism group, permutation group, direct product",198
"Digraph, complete tripartite graph, directed genus, surfaces",199
"Digraph, non-negative spectrum, multigraph, cospectrality, isomorphism",200
"Digraphs, consistent directed cycles",201
"Digraphs, vertex-quasiprimitive, 2-arc-transitive",202
"Dihedral f-tilings, combinatorial properties, spherical trigonometry, symmetry groups",203
"Dihedral f-tilings, combinatorial properties, spherical trigonometry, symmetry groups.",204
"Directed graphs, Turán numbers, intersection graphs of families of boxes",205
"Discriminantal arrangements, intersection lattice, Grassmannian, Pappus's Theorem",206
"Dissociation number, well-covered graphs, girth, Moore graph, polarity graph",207
"Distance magic labeling, group labeling, strong product of graphs",208
Distance spectrum,209
"Distance spectrum, Cartesian product, lexicographic product, Hamming graphs, C4 nanotori",210
"Distance-balanced graph, pTS-distance-balanced graph, total distance, wreath product of graphs",211
"Distance-regular graph, Terwilliger algebra, subconstituent algebra",212
"distance-transitive graph, ultrahomogeneous graph,  Cayley graph",213
"Distance, radius, eccentricity, proximity, remoteness.",214
"Distant sum distinguishing index of a graph, neighbour sum distinguishing index, adjacent strong chromatic index, distant set distinguishing index",215
"Distinguishing chromatic number, automorphism group of a graph, Motion Lemma,  weak product of graphs",216
"Distinguishing chromatic number, vertex transitive graphs, Cayley graphs",217
"Distinguishing index, automorphism, infinite graph, edge colouring, infinite dimensional hypercube",218
"Distinguishing number, automorphisms, infinite graphs",219
"Distinguishing number, graph automorphism, combinatorial game",220
"Distinguishing number, group action, stabilizer, motion",221
"Dominating set, domination number, Kneser graph.",222
"Dominating set, finite generalized quadrangle",223
"dominating set, triangulation, graphs on surfaces, non-contractible cycle, non-orientable surface",224
"Domination game, game domination number, paths, cycles",225
"Domination, global domination,  locating domination, complement graph, block-cactus.",226
"Domination, partial product graph, Cartesian product graph, strong product graph, Vizing's conjecture",227
"Double nested graph, signless Laplacian, largest eigenvalue, spectral inequalities.",228
"Dual polar graphs, automorphism group, quadratic form, isotropic subspace",229
"Edge coloring, Keller graphs, Mycielski graphs, queen graphs, Hamiltonian, class one",230
"Edge coloring, odd subgraph, edge decompositon.",231
"Edge colouring, polytopes, Cayley graps",232
"Edge colouring, rainbow subgraph.",233
"Edge colouring, symmetry breaking in graph, distinguishing index, claw-free graph, planar graph",234
"Edge colouring, symmetry breaking, distinguishing index,  Cartesian product of graphs",235
"Edge-colouring, critical graph, Möbius strip",236
"Edge-transitive graph, oriented graph, cyclic quotient graph, transitive group",237
"Edge-transitive map, edge-transitive tessellation, map on surface, symmetry type graph",238
"Edge-transitive map, enumeration, hyperbolic plane",239
"Efficient enumeration, rooted maps, orientable genus, generating functions",240
"eigenvalue, eigenspace, hamming graph, cayley graph",241
"Eigenvalues of graphs, bipartite graphs",242
"Eigenvector, adjacency matrix, Wilf's problem",243
"Embedded graphs, medial, components of links.",244
"Embedding dimension, Frobenius number, genus, multiplicity, numerical semigroup",245
"Enumeration, surface, genus, rooted hypermap, unrooted hypermap",246
"Enumeration, Surface, Orbifold, Rooted map, Unrooted map, Fuchsian group",247
"Equivelar polyhedron, Leonardo polyhedron, regular polyhedron, genus, Schläfli symbol, symmetry group.",248
"Erdős-Sós Conjecture, Conjecture, tree, maximum degree",249
"Euler divergent series, Abel-Plana Formula, Stirling numbers, spin system, Ising chain",250
"Even and odd restricted permutations, exact enumeration, recurrences, permanents.",251
"Expected value, average value, Kirchhoff index, resistance distance, polyphenyl chain, spiro chain.",252
"Extensional digraph, transitive set, set theory, random generation, Markov chain.",253
"Extremal graph, path, push to leaves",254
"Face-homogeneous, tessellation, growth rate, valence sequence, exponential growth, transition matrix, Bilinski diagram, hyperbolic plane",255
"Fano configuration, Pappus, Desargues, (n, 3)-configuration",256
"Fibonacci cubes, domination number, total domination number, integer linear programming",257
"Fibonacci cubes, Lucas cubes, domination number, 2-packing number",258
"Finite simple graph, edge polytope",259
"First Zagreb index, Second Zagreb index.",260
"Flexible polygons, configuration spaces, Morse index, critical points",261
"Forbidden configuration, hypergraph, trace, NP-hard, NP-complete, Anstee-Sali conjecture.",262
"Frobenius group, (orientably) regular map, automorphism group",263
"Fullerene, cubic graph, planar graph, topological indices",264
"Fullerene, patch, stability, isolated pentagon rule, Kekulé structure, conjugated cycle, cyclic edge-cut",265
"Fullerene, resonance graph, Zhang-Zhang polynomial",266
"Fullerenes, fullerene patches, ambiguous patches, graphite patches",267
"Fullerenes, Fullerene Patches, boundary codes, pseudoconvex patches",268
"Fullerenes, fullerene patches, boundary codes, pseudoconvex patches.",269
"Fullerenes, fullerene patches, pseudoconvex patches",270
"Gauss words, Gauss codes, Gauss paragraphs, good characterization",271
"General position problem, Kneser graphs, intersection theorems",272
"Generalized Cayley graph, natural isomorphism, GCI-group, Cayley regression",273
Generalized line graph,274
"Generalized Petersen graphs, I-graphs, Hamiltonian cycles, Eulerian tours, Cayley multigraphs",275
"Generalized surjective graph homomorphism,    R-reduced graph, R-retraction,   binary relation, multihomomorphism, R-core, cocore",276
genus,277
"Genus distribution, Halin graph, partitioned genus distribution, gram embedding, outerplanar graph, topological graph theory.",278
"Genus distribution, partial genus distribution, treewidth, tree decomposition",279
"Genus distribution, rooted-graph, production, partitioned genus distribution, 3-prism, 3-wheel.",280
"Geodetic problem, strong geodetic problem, (complete) bipartite graphs, (complete) multipartite graphs",281
"Geometric configurations, incidence structures",282
"geometric graph, homomorphism, poset",283
"Golomb ruler, optical orthogonal code, difference family",284
"Graovac-Pisanski index, modified Wiener index, unicyclic graphs",285
graph,286
"Graph  producs, graph operations, cancellation in graph products",287
"Graph  product,  Cartesian skeleton, prime factorization of graphs, graph algorithms",288
"Graph algorithm, community detection, the Petford-Welsh algorithm, simulated annealing, complex networks",289
"Graph coloring, approximation algorithm, frequency planning, cellular networks.",290
"Graph Coloring, Canonical coloring",291
"graph colouring, cyclic Gray code",292
"graph direct product, minimum cycle bases, digraphs",293
"Graph distance, Wiener index, average distance, topological index, molecular descriptor, chemical graph theory",294
"Graph distances, homometric subsets, Golumb ruler",295
"Graph drawing, crossing number",296
"Graph eigenvalues, double comet, extremal values, numerical computation",297
"Graph embedding, genus",298
"Graph embedding, resistance, snark, superposition",299
"Graph factorization, affine and projective spaces, spread.",300
"Graph imbedding, genus polynomial, production matrix, transfer matrix method",301
"Graph isomorphism, cyclic Haar graph, 4-BCI-group",302
"Graph List-Coloring, Coloring Extendability, Outerplanar Graphs",303
"Graph operations, hierarchical diamond lattice, JLS model, financial bubbles and crashes, ARMA/GARCH errors",304
"Graph products, algorithms.",305
"Graph products, Markov chains, cycle spaces",306
"Graph spectrum, integral graph, Cayley graph, arc-transitive, vertex-transitive bipartite double cover, voltage assignment, graph homomorphism.",307
"Graph theory, 2D rectangular and polygonal lattices, Wiener index, Compression ratio",308
"Graph theory, polyhedra, symmetry, chamber systems",309
"graph, automorphism group, symmetry, edge-transitive graph, regular map, tetravalent graph, rose window",310
"Graph, automorphism group, symmetry, locally arc-transitive graph, semisymmetric graph, cycle structure, linking ring structure",311
"Graph, automorphism group, symmetry, locally arc-transitive graph, semisymmetric graph, cycle structure, linking rings structure",312
"Graph, cubic, semiregular automorphism, tricirculant, vertex-transitive",313
"Graph, digraph, arc-transitive, order.",314
"Graph, digraph, edge-transitive, vertex-transitive, arc-transitive, half-arc-transitive",315
"Graph, distinguishing labeling, automorphism group",316
"Graph, edge-transitive, vertex-transitive, half-arc-transitive.",317
"Graph, Euclidean distance matrix, distance, eigenvalue.",318
"Graph, first Zagreb eccentricity index, second Zagreb eccentricity index, diameter, eccentricity.",319
"Graph, genus distribution, edge-amalgamation",320
"Graph, genus distribution, vertex-amalgamation",321
"Graph, girth-regular, cubic, girth",322
"Graph, graph minor, surface, near-embedding, grid minor, excluded minor.",323
"Graph, graphic sequence.",324
"Graph, Hamiltonian cycle, domination, 3-walk",325
"Graph, hyperelliptic graph, homology group, Riemann--Hurwitz formula, Schreier formula.",326
"Graph, Laplacian spectrum, isospectral graphs, Laplacian polynomial, spanning tree",327
"Graph, Map, Enumeration, Asymptotic.",328
"Graph, polarity graph, degree, diameter, automorphism, group, vertex-transitive graph, Cayley graph.",329
"Graph, tree, matrix, eigenvalues, multiplicities, inverse eigenvalue problem",330
"Graph, vertex-transitive, automorphism group,  even permutation, odd permutation",331
"Graphical zonotope, f-vector, graphical matroid, symmetric function",332
"Graphs, canonical double covers, two-fold isomorphisms.",333
"Graphs, majorization, topological indices, bounds",334
"graphs, monoids, factorisation",335
"Graphs, monoids, factorizations, algorithms.",336
"Graphs, regular coverings, voltage assignments, enumeration, Möbius functions (on a lattice), group extensions",337
"Grassmann graph, core, pseudo-core, endomorphism, maximal clique",338
"Group, IP loop, finite embeddability property, local embeddability",339
"Groups, Riemann surface, hypermaps, maps, restrictedly-marked, restrictedly regular",340
"Grundy domination number, Grundy total domination number, Kneser graph, zero forcing number, minimum rank",341
"ℋ-free graph, partition, maximum cut",342
"Hamilton path, Cayley graph, Coxeter group, Hamilton-connected, Hamilton-laceable",343
"Hamilton path, Johnson graph, Hamilton-connected.",344
"Hamilton-laceable, generalized Petersen graphs, Hamilton-connected, Hamiltonian paths, knight graph, traceable",345
"Hamilton-Waterloo problem, group action, octahedral binary group, dicyclic group, special linear group",346
"Hamiltonian cycle, cyclic cycle system, symmetric hamiltonian cycle system, complete multipartite graph",347
"Hamiltonian, hypohamiltonian, planar, girth, cubic graph, exhaustive generation",348
"Hamming graph, Hamming map, automorphism group, Galois group.",349
"Heffter array, biembedding",350
"Heffter array, biembedding, multipartite complete graph",351
"Heffter arrays, biembedding cycle systems",352
"HL-index, graph spectrum, HOMO-LUMO map",353
"Hoffman graph, line graph, graph eigenvalue, special graph",354
"Hoffman graph, line graph, graph eigenvalue, special graph, root system",355
"Hoffman graph, line graph, smallest eigenvalue",356
"Homogenous coloring, mixed hypergraph, bi-hypergraph, NMNR-coloring",357
"Hyperbolic geometry, hyperball packings, Dirichlet-Voronoi cell, packing density, Coxeter tilings",358
"Hypermap, automorphism group, monodromy group",359
hypermaps,360
"Hypermaps, maps, hypergraphs, regularity, orientably regular, chirality",361
"Hyperplane arrangement, Smith normal form, Varchenko matrix",362
"Hypohamiltonian, snark, irreducible snark, dot product",363
"I-graphs, generalized Petersen graphs, Cauchy-Frobenius-Burnside lemma, arithmetical functions",364
"Immersion, Hadwiger Conjecture",365
"Incidence structure, picture, polyhedral scene, lifting, symmetry, coning",366
"Independent sets, graphs, polyhedra, polytopes",367
"Independent sets, the Tower of Hanoi graph, Sierpiński graph, recursion relation, asymptotic growth constant, asymptotic enumeration",368
"Induced forest, acyclic number, planar graph, girth",369
"Injective coloring, planar graph, square graph",370
"Integer flow, nowhere-zero 3-flow, vertex-transitive graph, acr-transitive graph, solvable group.",371
"Integer flow, nowhere-zero 3-flow, Z_3-connected, modulo 3-orientation, edge-cuts.",372
"Integral graphs, Cayley graphs, graph products",373
"Intrinsic linking, complete n-complex, Ramsey theory",374
"Isomorphisms, DCI-groups, Schur rings",375
"Isomorphisms, Schur rings, p-groups",376
"Kirchhoff graphs, fundamental theorem of linear algebra, reaction networks.",377
"Klein bottle, wallpaper group, vertex-transitive map",378
"Kuratowski subgraphs, crossing number, exceptional edges",379
"Langford sequence, distance l-labeling, distance J-labeling, delta-sequence, delta-set",380
"Latin squares, transversals, anti-Ramsey problems, Lovász local lemma",381
"Legendre polynomials, symbolic summation, probability",382
"Line configurations, Hirzebruch inequality, Melchior inequality, Shnurnikov inequality, ball-quotients",383
"Line graphs, s-geodesic transitive graphs, s-arc transitive graphs.",384
"Linear code, dimension, distance",385
"Linearized polynomial, linear set, direction",386
"Linearly recursive sequences, adic topologies, power series, Hopf algebras",387
"Lobe, lobe-transitive, edge-transitive, orbit, connectivity",388
"Locating-dominating number, convex polytopes",389
"Lucas cube, Fibonacci cube, domination number, total domination number, integer linear programming",390
"m-Cayley, circulant, strongly regular graphs, strongly regular digraphs, uniform partial sum families, almost-uniform partial sum families.",391
"Majorana representations, association schemes, Monster algebra, Harada-Norton group",392
"Map, flag graph, symmetry type graph, chamfering operation.",393
"map, pre-map, graph, pre-graph, Cayley map",394
"Maps, graphs, Groups, parameterizations.",395
"Maps, hypermaps, representation, polytopes, hypertopes",396
"Maps, polytopes, groups, covers, Gaussian and Eisenstein integers",397
"Markov proceses, last exit decompositions, excursion theory",398
"mathematical chemistry, topological index, revised Szeged index",399
"Matrix semigroup, Homomorphism, Representation.",400
"Matroids, combinatorial rigidity, sparse graphs and hypergraphs",401
"Maximal matching, maximal matching polynomial, cactus graph, cactus chain, Padovan numbers, Perrin numbers, corona product",402
"Maximal matching, maximal packing",403
"Maximal matching, saturation number, lattice animal, polyomino graph, benzenoid graph, coronene",404
Maximally non-hamiltonian digraphs,405
"Maximum genus, Nebesky theorem, Betti number, cycle rank, connectivity",406
"maximum independent set, core, matching, unicyclic graph, Konig-Egervary graph",407
"Maximum independent set, matching, tree, bipartite graph, König-Egerváry graph, annihilation set, annihilation number",408
"Maximum packing with triples, maximum packing with 6-cycles",409
"Maxwell-Cremona correspondence, Grassmanian stratification, oriented matroid, equilibrium stress",410
"Metric spaces, metric dimension, k-metric dimension",411
"Minimal covers, Regular and rotary maps, Eisenstein integers",412
"Mixed discriminants, symmetric matrix, mixed volume, Aleksandrov’s inequality.",413
"Mixed fault diameter, Cartesian graph bundle, interconnection network, fault tolerance.",414
"Möbius configuration, (8_4) configurations, Möbius pair, n-simplex",415
"Modified Wiener index, canonical metric representation, partial cubes, fullerene patches, nanocones",416
"Modified Wiener index, graph operation, automorphism group",417
"Monster algebra, Majorana, L2(11)",418
"n-distance-balanced graph, cartesian product, lexicographic product",419
"Near hexagons, Geometric hyperplanes, Veldkamp spaces",420
"Nonattacking chess pieces, Ehrhart theory, inside-out polytope, arrangement of hyperplanes, signed graph",421
"Noncommutative frame, skew lattice, completeness, lattice section",422
"Normal, bi-Cayley, Cartesian product.",423
"Normalizer, non-nilpotent subgroup, self-normalizing subgroup",424
"Nowhere-zero flow, Cayley graph, Tutte's 3-flow conjecture, connection sequence, solvable group, nilpotent group",425
"NSSD, G-nutful graph, circulant matrix, complete graph.",426
"Nuciferous graph, Cayley graph",427
"Nuficerous graph, chemical graph, NSSD, non-singular graph, molecular conductivity",428
"Nullity, core vertices, key-graphs,  superimposition, circuit",429
"Oberwolfach problem, graph factorisations, graph decompositions, 2-factorisations",430
"One-regular graphs, 4-valent, Cayley graphs",431
"Optimal stopping for Markov chains, equity-linked life insurance with guarantees",432
"Oriented hypergraphs, 1-2-3 conjecture, combinatorial nullstellensatz, list weighting",433
"p-group, regular abelian subgroup, automorphism group",434
"Packing chromatic number, hexagonal lattice, square lattice, computer search",435
"Packing chromatic number, i-packing, hexagonal lattice, square lattice, triangular lattice, distance coloring.",436
"Palette index, edge-coloring, interval edge-coloring",437
"Parallelogram law, parallelotope",438
Partial orders,439
"Partitions, combinatorial identities, bijective combinatorics",440
"Perfect matching derangement graph, independent sets, Erdős-Ko-Rado theorem",441
"Perfect matching, Pfaffian graph, fullerene graph, Hadamard-Fischer inequality",442
"Permanent, indecomposable matrices, graphs",443
Permutation group,444
"Permutation group, imprimitive group",445
"Permutation group, primitive group, vertex-transitive graph, semisymmetric graph",446
"Permutation polytopes, dihedral groups, lattice polytopes",447
"Permutation, Dyck path, pattern avoidance, Hankel transform",448
"Petersen colorings, strong Petersen colorings, snarks",449
"Planar graph, thickness, complete bipartite graph",450
"planar graphs, distinguishing number, distinguishing chromatic number",451
"Planar triangulation, cubic graph, generation, recursive structure.",452
"planar, automorphism group, primitive group, planar discontinuous group, residually finite, 1-ended",453
plane graph,454
"Plane graph, alternating degrees, exhaustive search, heuristic search.",455
"Plane graph, edge coloring.",456
"Plane graph, facial walk, edge colouring.",457
"Plane graph, girth, edge weight, dual edge weight",458
"Plane triangulation, Eulerian circuit, 3-colorable, Heawood's Theorem",459
"Plurality strategy, median, majority rule, Hamming graph, Johnson graph, halfcube.",460
"Point-line configuration, pseudo-line, 2-manifold",461
"Point-line incidence graph, resolving sets, finite projective spaces",462
"Polar space, projective space, semiaffine space, slit space, complement",463
"Polyhedron, rotational orbit, Euler characteristic",464
"Polyhedron, static equilibrium, monostatic polyhedron, f-vector",465
polyomino,466
"Poset, order-chain polytope, unimodular equivalence",467
"Positional games, k-in-a-row game, pairing strategies, symmetries",468
"Product-irregular labeling, product irregularity strength, tree",469
"Projective arrangements, point-line incidence structure, (n_k) configurations.",470
"Projective special linear groups, coset geometries, locally s-arc-transitive graphs",471
"Projective special linear groups, coset geometries.",472
pseudocyclic association schemes,473
"Pseudoline arrangement, quasiline arrangement, projective plane, incidence structure, combinatorial configuration, topological configuration, geometric configuration, sweep, wiring diagram, allowable sequence of permutations, maps on surfaces",474
"Pursuit game, Cops and Robber, catch time.",475
"Pursuit-evasion, lion and man, CAT(0) space, motion planning",476
"Quadrangulation, closed surface, generating theorem",477
"Quadrangulation, projective plane, generating theorem",478
"Quaternionic power series, bidegree full functions, Hamming graph, linearly independent quaternionic monomials",479
"r-inflation,  thickness, chromatic number, fractional chromatic number, arboricity",480
"Reducibility, semigroups, commutators, nilpotent operators.",481
"Regular balanced Cayley map, minimal non-abelian group, metacyclic group",482
"Regular dessin, bicyclic group, skew-morphism, graph embedding",483
"Regular embedding, multiple edge, Holder’s Theorem, Mobius map.",484
"Regular map, automorphism group, self-dual map, self-Petrie-dual map",485
"Regular map, complete bipartite graph, product of cyclic groups.",486
"Regular map, linear fractional group.",487
"Regular map, O'Nan sporadic simple group, subgroup lattice, character table",488
"Regular map, Petrie polygon, Fibonacci sequence",489
"Regular map, regular hypermap, covering space, permutation group, category",490
"Regular polygonal system, boundary code, face vector, symmetry group, reconstructibility from the boundary",491
"Regular subgroup, Cayley isomorphism",492
"Regularity, chirality, toroidal, thin geometries, hypermaps, abstract polytopes",493
"Residual voluntary health insurance, equalization scheme, claims equalization, risk equalization.",494
"Ribbon graph, medial graph, Petrie dual, extremal minor, orientation",495
"Riemann surface, algebraic curve, dessin d’enfant",496
"Riemann surface, graph, hyperelliptic graph, fundamental group, automorphism group, harmonic map, branched covering, graph of groups",497
"Riemann surface, regular map, Hurwitz map, reflection, mirror",498
"Robust cycle basis, forced commutativity of groupoid diagram, Cayley graph",499
"Roman domination, double Roman domination, cardinal products of graphs, paths, cycles",500
"Rose window graphs, automorphism group, isomorphism problem, vertex-transitive graph",501
"rq-convex sets, parallelotopes, finite sets, Platonic solids",502
"Saturation number, maximal matching, edge domination number, efficient edge dominating set, closed benzenoid chain, armchair nanotube, zig-zag nanotube, tubulene, TUC_4C_8(S) nanotube, TUC_4C_8(R) nanotube",503
"Scattered linear set, MRD-code, linearized polynomial",504
"Schur numbers, anti-Ramsey numbers, rainbow triangles, Gallai colorings",505
"Semifields, spreads, symplectic polarity, linear sets, Veronese variety",506
"Separator, graph, search, grid",507
"Sequence, convergence, Cesaro mean, binomial mean, finite Markov chain",508
"Signed graph, negative cycle vector, permutable matching",509
"Signed graph‎, ‎spectrum",510
"Signed graph, switching equivalent signed graphs, adjacency matrix, net-balanced signed graph",511
"Signless Laplacian Estrada index, semi-edge walk, cut edge, vertex connectivity, edge connectivity",512
Simplicial arrangement,513
"Skew lattices, Heyting algebras, non-commutative algebra, intuitionistic logic",514
"Solvable group, semiregular automorphism, fixed-point-free automorphism, polycirculant conjecture",515
spanning forests,516
"spanning tree leaves, vulnerability, Hamiltonian path",517
"Spanning tree, Jacobian group, I-graph, Petersen graph, Chebyshev polynomial",518
"spatial conguration, Platonic solid, regular 4-polytope, product of congurations, incidence statement",519
"Spectral radius of graph, graph energy, complete multipartite graph, complete split graph, Turán graph",520
"Spectrum and eigenvalues of graphs, graphs with exactly two non-negative eigenvalues",521
"Spherical latin bitrade, canonical group, abelian sand-pile group",522
"Spherical quadrangle, rational angle, spherical tiling",523
"Spherical tiling by congruent quadrangles, monohedral tiling, quadrangulation.",524
"Steiner triple system, group action, difference family, Skolem sequence, Langford sequence",525
"Stock returns, internet search data, market regimes, trading strategies.",526
"Strong metric dimension, Sierpiński graphs",527
"Strongly light subgraph, 1-planar graph.",528
strongly regular graph,529
"strongly regular graphs, vertex-transitive graphs, edge-  transitive graphs, normal quotient reduction, automorphism group",530
"Subconstituent algebra, Terwilliger algebra, distance-regular graph",531
"Subcubic graph, odd edge-coloring, odd chromatic index, odd edge-covering, T-join",532
"Subtrees, normal distribution, homeomorphically irreducible trees, random trees",533
"Sum of squares, semidefinite programming, noncommutative polynomial, Matlab toolbox, commutator, cyclic equivalence, free positivity, real algebraic geometry, Motzkin polynomial, Bessis- Moussa-Villani (BMV) conjecture, NCSOStools.",534
"Summed r-Lah numbers, r-Lah polynomials",535
"Super connectivity, direct product, vertex-cut.",536
"Supercharacter theory‎, ‎superclass‎, ‎conjugacy class‎, ‎irreducible character",537
"Surface, orientable genus of a graph, join of two graphs",538
"Symmetric crosscap number, Klein surfaces",539
"Symmetric design, flag-transitive, point-primitive, point-imprimitive, automorphism group",540
"Symmetric genus, strong symmetric genus, Riemann surface, abelian groups, genus spectrum, density",541
"Symmetric graph, Cayley graph, bi-Cayley graph, regular cover",542
"Symmetric graph, normal quotient graph, automorphism group",543
"Symmetric graphs, Cayley graphs, quasiprimitive permutation groups, linear groups",544
"Symmetric varieties, Schubert polynomials, wonderful compactification, equivariant cohomology, weak order, parabolic induction",545
"Symmetry breaking, distinguishing index of a graph",546
"Symmetry type, vertex-transitive graph, arc-transitive graph, Cayley graph, Cartesian product, covering graph",547
"Symmetry type, vertex-transitive graph, arc-transitive graph, Cayley graph, zero-symmetric graph, Cartesian product, covering graph",548
"Szeged index, edge Szeged index, revised Szeged index, revised edge Szeged index.",549
"Temporal network, semiring, algorithm, network measures, Python library, violence.",550
"Tensegrities, equilibrium, surgeries.",551
"Tetrahedral cages, pentahedral cages, discs",552
"The Erdős-Ko-Rado theorem,  s-distance set, diameter graph, independent set, extremal set theory",553
"The irregularity of graph, the total irregularity of graph, Zagreb indices",554
"Thickness, 4-girth-thickness, complete tripartite graph",555
"Thickness, complete 3-partite graph, complete 4-partite graph",556
"Thickness, complete tripartite graph, planar subgraphs decomposition",557
"Thickness, Kronecker product graph, planar decomposition",558
"Thickness, planar decomposition, girth, complete graph",559
"Tiling, domino, hyperbolic mosaic, Fibonacci numbers, combinatorial identity",560
"Tilings, equitransitive, unilateral, squares.",561
"Topological graph theory, current graphs, map coloring, triangulations",562
"Topological graph theory, graph genus polynomials, log-concavity, real-rootedness",563
"Total colourings of graphs,  symmetry breaking in graphs, total distinguishing number, total distinguishing chromatic number",564
"Total domination number, annihilation number, cactus graph, block graph",565
"Total domination number, disjoint total dominating sets",566
"Total domination number, Fibonacci cube, hypercube, integer linear programming, covering codes",567
"Total positivity, totally positive matrix, Toeplitz matrix, Hankel matrix, hyperfibonacci sequence, log-concavity",568
"Transit function, ranked poset, underlying graph, geodesic interval, induced-path interval",569
"Transit functions, convexities, hierarchies, rooted trees, axiom   systems",570
"Transitive groups, generation, expectation",571
triangle group,572
"Truncation, automorphism group, Cayley graph, Hamiltonian.",573
"Truncation, vertex-transitive, Cayley graph, automorphism group",574
"Uniform map, equivelar map, dessin d'enfants, configuration of points and circles",575
"Uniform poset, dual polar graph, dual polar space, down-up algebra",576
"Unital, embedding, finite Desarguesian plane",577
"Unitals, Moulton planes",578
"Unitary groups, Möbius function, subgroup lattice",579
"Unramified Brauer group, Bogomolov multiplier, isoclinism.",580
"Upper embedding, Steiner triple system, Latin square",581
"V-construction, unit-distance graph, isometric point-circle configuration",582
"Vertex coloring, color classes, Cayley graph",583
"Vertex colouring, symmetry breaking in graph, distinguishing number, vertex-transitive graphs",584
vertex-transitive graph,585
"Vertex-transitive graph, Hamilton cycle, automorphism group, orbital graph",586
"Virtual links, string links, cobordism, concordance, welded knots",587
"Vizing's conjecture, domination number, independence-domination number, weakly chordal graph, NP-completeness, hereditary graph class, IDD-perfect graph.",588
"Weighted k-cyclic graph, adjacency matrix, inertia",589
"Wiener index, iterated line graph, tree, claw",590
"Wiener index, Wiener inverse interval problem, tree",591
"Wiener index, Wiener polynomial, Wiener number,composite graph, graph product",592
"Wiener number, Hosoya polynomial, Wiener polynomial, edge contributions, communication network, cactus graph, linear algorithm",593
"Wreath product of complete graphs, adjacency matrix, distance matrix, spectrum, distance spectrum, Wiener index",594
"Z_3-connectivity, K_{1, 3}-free, nowhere-zero 3-flow",595
NA,596
