kid,kid2,keyword,normalized
1,1,(19_4)-configurations,(19_4)-configuration
2,2,(8_4) configurations,(8_4) configuration
3,3,(complete) bipartite graphs,(complete) bipartite graph
4,4,(complete) multipartite graphs,(complete) multipartite graph
5,5,(generalized) Oberwolfach problem,(generalized) oberwolfach problem
6,6,(im)primitive group,(im)primitive group
7,7,(K_4 - e)-design,(k_4 -e)-design
8,8,(n,(n
9,9,(n_k) configurations,(n_k) configuration
10,10,(orientably) regular map,(orientably) regular map
11,11,(Rooted) near-4-regular map,(rooted) near-4-regular map
12,12,05C15,05c15
13,13,05C25,05c25
14,14,05C38,05c38
15,15,1-2-3 conjecture,1-2-3 conjecture
16,16,1-ended,1-ended
17,17,1-planar graph,1-planar graph
18,18,1-Sperner hypergraph,1-sperner hypergraph
19,19,2-arc-transitive,2-arc-transitive
20,20,2-arc-transitive graph,2-arc-transitive graph
21,21,2-design,2-design
22,22,2-Distance-transitive graph,2-distance-transitive graph
23,23,2-factor,2-factor
24,24,2-factorisations,2-factorisation
25,24,2-factorizations,2-factorisation
26,25,2-manifold,2-manifold
27,26,2-neighbour-transitive,2-neighbour-transitive
28,27,2-packing number,2-packing number
29,28,2-transitive group,2-transitive group
30,29,2-tree,2-tree
31,29,2-trees,2-tree
32,30,2D rectangular and polygonal lattices,2d rectangular and polygonal lattice
33,31,3-colorable,3-colorable
34,32,3-prism,3-prism
35,33,3-sun system,3-sun system
36,34,3-walk,3-walk
37,35,3-wheel,3-wheel
38,36,3)-configuration,3)-configuration
39,37,3}-free,3}-free
40,38,4-BCI-group,4-bci-group
41,39,4-girth-thickness,4-girth-thickness
42,40,4-valent,4-valent
43,41,90B10,90b10
44,42,Abel-Plana Formula,abel-plana formula
45,43,abelian cover,abelian cover
46,44,abelian group,abelian group
47,44,Abelian group,abelian group
48,44,abelian groups,abelian group
49,45,abelian sand-pile group,abelian sand-pile group
50,46,abstract chiral polytopes,abstract chiral polytope
51,47,abstract polytopes,abstract polytope
52,48,abstract regular or chiral polytopes,abstract regular or chiral polytope
53,49,Abstract regular or uniform polytopes,abstract regular or uniform polytope
54,50,abstract regular polytope,abstract regular polytope
55,50,Abstract regular polytope,abstract regular polytope
56,50,Abstract regular polytopes,abstract regular polytope
57,51,Achiral symmetry,achiral symmetry
58,52,Achromatic index,achromatic index
59,53,acr-transitive graph,acr-transitive graph
60,54,Acyclic coloring,acyclic coloring
61,55,acyclic number,acyclic number
62,56,Additive permutation,additive permutation
63,57,adic topologies,adic topology
64,58,adjacency matrix,adjacency matrix
65,58,Adjacency matrix,adjacency matrix
66,59,adjacent strong chromatic index,adjacent strong chromatic index
67,60,affine and projective spaces,affine and projective space
68,61,Aggregates,aggregate
69,62,Aleksandrov’s inequality,aleksandrov’s inequality
70,63,algebraic automorphism,algebraic automorphism
71,64,algebraic computation,algebraic computation
72,65,algebraic curve,algebraic curve
73,65,Algebraic curves,algebraic curve
74,66,Algebraic number field,algebraic number field
75,67,algorithm,algorithm
76,67,Algorithm,algorithm
77,67,algorithms,algorithm
78,68,allowable sequence of permutations,allowable sequence of permutation
79,69,almost simple groups,almost simple group
80,70,almost-uniform partial sum families,almost-uniform partial sum family
81,71,alpha-parallel class,alpha-parallel class
82,72,alpha-resolvable G-design,alpha-resolvable g-design
83,73,alphabet-almost-simple,alphabet-almost-simple
84,74,alternating degrees,alternating degree
85,75,alternating group,alternating group
86,75,alternating groups,alternating group
87,76,ambiguous patches,ambiguous patch
88,77,amilton-connected,amilton-connected
89,78,annihilation number,annihilation number
90,79,annihilation set,annihilation set
91,80,Anonymity,anonymity
92,81,Anstee-Sali conjecture,anstee-sali conjecture
93,82,anti-Pappian,anti-pappian
94,83,anti-Ramsey numbers,anti-ramsey number
95,84,anti-Ramsey problems,anti-ramsey problem
96,85,antimatroid,antimatroid
97,86,Antipodal graph,antipodal graph
98,87,approximate product,approximate product
99,88,approximation algorithm,approximation algorithm
100,89,arboricity,arboricity
101,90,arc-transitive,arc-transitive
102,90,Arc-transitive,arc-transitive
103,91,arc-transitive graph,arc-transitive graph
104,91,Arc-transitive graph,arc-transitive graph
105,91,Arc-transitive graphs,arc-transitive graph
106,92,Area evolute,area evolute
107,93,area generating function,area generating function
108,94,arithmetical functions,arithmetical function
109,95,ARMA/GARCH errors,arma/garch errors
110,96,armchair nanotube,armchair nanotube
111,97,arrangement,arrangement
112,97,Arrangement,arrangement
113,98,arrangement of hyperplanes,arrangement of hyperplane
114,99,Arrangement of lines,arrangement of line
115,100,association scheme,association scheme
116,100,Association scheme,association scheme
117,100,association schemes,association scheme
118,100,Association schemes,association scheme
119,101,asymmetric uniform hypergraph,asymmetric uniform hypergraph
120,102,asymptotic,asymptotic
121,102,Asymptotic,asymptotic
122,103,asymptotic enumeration,asymptotic enumeration
123,104,asymptotic growth constant,asymptotic growth constant
124,105,asymptotics,asymptotics
125,106,automorphism,automorphism
126,107,automorphism group,automorphism group
127,107,Automorphism group,automorphism group
128,108,automorphism group of a graph,automorphism group of a graph
129,107,automorphism groups,automorphism group
130,106,automorphisms,automorphism
131,109,average distance,average distance
132,110,average value,average value
133,111,axiom   systems,axiom  system
134,112,balanced hypercube,balanced hypercube
135,113,balanced labelings of graphs,balanced labelings of graph
136,114,balanced signed graphs,balanced signed graph
137,115,ball-quotients,ball-quotient
138,116,Barbier's theorem,barbier's theorem
139,117,Bargraphs,bargraph
140,118,Belyi curves,belyi curve
141,119,benzenoid graph,benzenoid graph
142,120,Berge-Fulkerson Conjecture,berge-fulkerson conjecture
143,121,Bernoulli numbers,bernoulli number
144,122,Bessis- Moussa-Villani (BMV) conjecture,bessis-moussa-villani (bmv) conjecture
145,123,Betti number,betti number
146,124,betweenness centrality,betweenness centrality
147,125,bi-Cayley,bi-cayley
148,126,bi-Cayley graph,bi-cayley graph
149,126,Bi-Cayley graph,bi-cayley graph
150,127,bi-hypergraph,bi-hypergraph
151,128,Bi-p-metacirculant,bi-p-metacirculant
152,129,bicyclic group,bicyclic group
153,130,bidegree full functions,bidegree full function
154,131,biembedding,biembedding
155,131,Biembedding,biembedding
156,132,biembedding cycle systems,biembedding cycle system
157,133,Bigraphs,bigraph
158,134,bijective combinatorics,bijective combinatorics
159,135,Bilinski diagram,bilinski diagram
160,136,binary relation,binary relation
161,137,Binomial coefficients,binomial coefficient
162,138,binomial mean,binomial mean
163,139,Binomial sum,binomial sum
164,140,bipartite graph,bipartite graph
165,140,bipartite graphs,bipartite graph
166,140,Bipartite graphs,bipartite graph
167,141,block graph,block graph
168,142,block-cactus,block-cactus
169,143,Bockting operator,bockting operator
170,144,Bogomolov multiplier,bogomolov multiplier
171,146,boundary code,boundary code
172,146,boundary codes,boundary code
173,145,bounds,bound
174,147,branched covering,branched covering
175,148,C4 nanotori,c4 nanotori
176,149,cactus chain,cactus chain
177,150,cactus graph,cactus graph
178,151,cage,cage
179,152,cancellation in graph products,cancellation in graph product
180,153,Canonical coloring,canonical coloring
181,154,canonical cover,canonical cover
182,155,canonical double covers,canonical double cover
183,156,canonical group,canonical group
184,157,canonical metric representation,canonical metric representation
185,158,cardinal products of graphs,cardinal products of graph
186,159,Cartesian graph bundle,cartesian graph bundle
187,160,cartesian product,cartesian product
188,160,Cartesian product,cartesian product
189,161,Cartesian product graph,cartesian product graph
190,162,Cartesian product of graphs,cartesian product of graph
191,163,Cartesian skeleton,cartesian skeleton
192,164,CAT(0) space,cat(0) space
193,165,Catalan numbers,catalan number
194,166,catch time,catch time
195,167,Categorical product,categorical product
196,168,category,category
197,169,Cauchy-Frobenius-Burnside lemma,cauchy-frobenius-burnside lemma
198,170,Cayley digraph,cayley digraph
199,171,cayley graph,cayley graph
200,171,Cayley graph,cayley graph
201,171,Cayley graphs,cayley graph
202,171,Cayley graps,cayley graph
203,172,Cayley isomorphism,cayley isomorphism
204,173,Cayley map,cayley map
205,174,Cayley multigraphs,cayley multigraph
206,175,Cayley regression,cayley regression
207,176,Cayley voltages,cayley voltage
208,177,CCA problem,cca problem
209,178,cellular networks,cellular network
210,179,center symmetry set,center symmetry set
211,180,Centrality measures,centrality measure
212,181,centralizer,centralizer
213,182,Cesaro mean,cesaro mean
214,183,chamber systems,chamber system
215,184,chamfering operation,chamfering operation
216,185,character,character
217,186,character table,character table
218,187,characteristic polynomial,characteristic polynomial
219,188,Chebyshev polynomial,chebyshev polynomial
220,189,chemical graph,chemical graph
221,190,chemical graph theory,chemical graph theory
222,191,Chiral 4-polytope,chiral 4-polytope
223,192,Chiral hypermap,chiral hypermap
224,193,chiral map,chiral map
225,194,chiral polytope,chiral polytope
226,195,chiral symmetry,chiral symmetry
227,196,chirality,chirality
228,197,Chord diagram,chord diagram
229,198,chord expansion,chord expansion
230,199,chordal graph,chordal graph
231,200,chromatic number,chromatic number
232,200,Chromatic number,chromatic number
233,201,CI-group,ci-group
234,201,CI-groups,ci-group
235,202,circuit,circuit
236,203,circulant,circulant
237,204,Circulant graph,circulant graph
238,204,circulant graphs,circulant graph
239,205,circulant matrix,circulant matrix
240,206,circular chromatic number,circular chromatic number
241,207,claims equalization,claims equalization
242,208,class one,class one
243,209,claw,claw
244,210,claw-free graph,claw-free graph
245,211,closed benzenoid chain,closed benzenoid chain
246,212,closed surface,closed surface
247,213,Cluster algebra,cluster algebra
248,214,cobordism,cobordism
249,215,COCO,coco
250,216,cocore,cocore
251,217,coherent configuration,coherent configuration
252,217,Coherent configurations,coherent configuration
253,218,color classes,color class
254,219,Coloring Extendability,coloring extendability
255,220,colour-permuting,colour-permuting
256,221,colour-preserving,colour-preserving
257,222,colouring number,colouring number
258,223,combinatorial configuration,combinatorial configuration
259,224,combinatorial game,combinatorial game
260,225,combinatorial identities,combinatorial identity
261,225,combinatorial identity,combinatorial identity
262,226,combinatorial nullstellensatz,combinatorial nullstellensatz
263,227,Combinatorial problems,combinatorial problem
264,228,combinatorial properties,combinatorial property
265,229,combinatorial rigidity,combinatorial rigidity
266,230,combinatorial species,combinatorial species
267,231,communication network,communication network
268,232,community detection,community detection
269,233,commutator,commutator
270,233,Commutator,commutator
271,234,commutator subgroup,commutator subgroup
272,233,commutators,commutator
273,235,Commuting graph,commuting graph
274,236,complement,complement
275,237,complement graph,complement graph
276,238,complete 3-partite graph,complete 3-partite graph
277,239,complete 4-partite graph,complete 4-partite graph
278,240,complete bipartite,complete bipartite
279,241,complete bipartite graph,complete bipartite graph
280,241,Complete bipartite graphs,complete bipartite graph
281,242,complete coloring,complete coloring
282,243,complete equipartite graph,complete equipartite graph
283,244,complete graph,complete graph
284,245,complete multipartite graph,complete multipartite graph
285,245,Complete multipartite graph,complete multipartite graph
286,246,complete n-complex,complete n-complex
287,247,complete split graph,complete split graph
288,248,complete tripartite graph,complete tripartite graph
289,249,completely transitive,completely transitive
290,250,completeness,completeness
291,251,complex networks,complex network
292,252,components of links,components of links
293,253,composite graph,composite graph
294,254,Composition,composition
295,255,Compression ratio,compression ratio
296,256,computation,computation
297,257,Computational methods in group theory,computational methods in group theory
298,258,Computer algebra system,computer algebra system
299,259,computer search,computer search
300,260,concordance,concordance
301,261,conference matrix,conference matrix
302,262,configuration,configuration
303,262,Configuration,configuration
304,263,configuration of lines,configuration of line
305,264,configuration of points and circles,configuration of points and circles
306,265,Configuration of points and lines,configuration of points and line
307,266,configuration spaces,configuration space
308,262,configurations,configuration
309,262,Configurations,configuration
310,267,Congruent transformation,congruent transformation
311,268,congruent triangles,congruent triangle
312,269,coning,coning
313,270,Conjecture,conjecture
314,271,‎conjugacy class‎,‎conjugacy class‎
315,272,conjugated cycle,conjugated cycle
316,273,Connected dominating set,connected dominating set
317,274,connected domination,connected domination
318,275,connected-domishold graph,connected-domishold graph
319,276,connection sequence,connection sequence
320,277,connectivity,connectivity
321,278,consistent directed cycles,consistent directed cycle
322,279,Consistent graphs,consistent graph
323,280,constant sum partition,constant sum partition
324,281,construction,construction
325,282,convergence,convergence
326,283,convex dimension,convex dimension
327,284,convex polytopes,convex polytope
328,285,convex subgraph,convex subgraph
329,286,convexities,convexity
330,287,Cops and Robber,cops and robber
331,288,core,core
332,289,core vertices,core vertice
333,290,core width,core width
334,291,Corona graph,corona graph
335,292,corona product,corona product
336,293,coronene,coronene
337,294,coset geometries,coset geometry
338,295,cospectrality,cospectrality
339,296,Counting of homomorphisms,counting of homomorphism
340,298,covering codes,covering code
341,299,covering graph,covering graph
342,300,covering projection,covering projection
343,300,Covering projection,covering projection
344,301,covering space,covering space
345,297,covers,cover
346,302,Coxeter group,coxeter group
347,302,Coxeter groups,coxeter group
348,303,Coxeter system,coxeter system
349,304,Coxeter tilings,coxeter tiling
350,305,critical graph,critical graph
351,306,critical independence number,critical independence number
352,307,critical independent set,critical independent set
353,308,critical points,critical point
354,309,cross-matching,cross-matching
355,310,crossing number,crossing number
356,311,cube polynomial,cube polynomial
357,312,cubic,cubic
358,313,cubic graph,cubic graph
359,313,Cubic graph,cubic graph
360,314,current graphs,current graph
361,315,curvature,curvature
362,316,curves of constant width,curves of constant width
363,317,cut edge,cut edge
364,318,cycle,cycle
365,319,cycle basis,cycle base
366,319,Cycle basis,cycle base
367,320,cycle decomposition,cycle decomposition
368,321,cycle rank,cycle rank
369,322,Cycle space,cycle space
370,322,cycle spaces,cycle space
371,323,cycle structure,cycle structure
372,324,cycle systems,cycle system
373,318,cycles,cycle
374,325,cyclic connectivity,cyclic connectivity
375,326,cyclic cycle system,cyclic cycle system
376,327,cyclic edge-cut,cyclic edge-cut
377,328,cyclic equivalence,cyclic equivalence
378,329,cyclic Gray code,cyclic gray code
379,330,Cyclic group,cyclic group
380,331,cyclic Haar graph,cyclic haar graph
381,332,cyclic quotient graph,cyclic quotient graph
382,333,DCI-groups,dci-group
383,334,degenerate Bernoulli numbers,degenerate bernoulli number
384,335,degree,degree
385,336,Degree-diameter problem,degree-diameter problem
386,337,delta-sequence,delta-sequence
387,338,delta-set,delta-set
388,339,density,density
389,340,dependent crossings,dependent crossing
390,341,Desargues,desargues
391,342,dessin d'enfant,dessin d'enfant
392,342,dessin d'enfants,dessin d'enfant
393,343,dessin d’enfant,dessin d’enfant
394,344,Dessins d'enfants,dessins d'enfant
395,345,Determinant,determinant
396,345,determinants,determinant
397,346,diameter,diameter
398,347,diameter graph,diameter graph
399,348,diameter of a graph,diameter of a graph
400,349,dicyclic group,dicyclic group
401,350,difference family,difference family
402,351,difference set,difference set
403,351,difference sets,difference set
404,352,digraph,digraph
405,352,Digraph,digraph
406,352,digraphs,digraph
407,352,Digraphs,digraph
408,353,Dihedral f-tilings,dihedral f-tiling
409,354,dihedral groups,dihedral group
410,355,dimension,dimension
411,356,direct product,direct product
412,357,direct sum,direct sum
413,358,directed genus,directed genus
414,359,Directed graphs,directed graph
415,360,direction,direction
416,361,Dirichlet-Voronoi cell,dirichlet-voronoi cell
417,363,discharging,discharging
418,364,Disconnected coverings,disconnected covering
419,365,discrete differential geometry,discrete differential geometry
420,366,Discriminantal arrangements,discriminantal arrangement
421,362,discs,disc
422,367,disjoint total dominating sets,disjoint total dominating set
423,368,Dissociation number,dissociation number
424,369,distance,distance
425,369,Distance,distance
426,370,distance coloring,distance coloring
427,371,Distance energy,distance energy
428,372,distance J-labeling,distance j-labeling
429,373,distance l-labeling,distance l-labeling
430,374,Distance magic labeling,distance magic labeling
431,375,distance matrix,distance matrix
432,376,distance regular cover,distance regular cover
433,377,distance regular graph of diameter 3,distance regular graph of diameter 3
434,378,distance spectrum,distance spectrum
435,378,Distance spectrum,distance spectrum
436,379,Distance-balanced graph,distance-balanced graph
437,380,distance-regular graph,distance-regular graph
438,380,Distance-regular graph,distance-regular graph
439,381,distance-transitive graph,distance-transitive graph
440,382,distant set distinguishing index,distant set distinguishing index
441,383,Distant sum distinguishing index of a graph,distant sum distinguishing index of a graph
442,384,distinguishing chromatic number,distinguishing chromatic number
443,384,Distinguishing chromatic number,distinguishing chromatic number
444,385,distinguishing index,distinguishing index
445,385,Distinguishing index,distinguishing index
446,386,distinguishing index of a graph,distinguishing index of a graph
447,387,distinguishing labeling,distinguishing labeling
448,388,distinguishing number,distinguishing number
449,388,Distinguishing number,distinguishing number
450,389,distinguishing partition,distinguishing partition
451,390,distributive lattice,distributive lattice
452,391,divisibility,divisibility
453,392,divisor concept,divisor concept
454,393,dominating set,dominating set
455,393,Dominating set,dominating set
456,394,domination,domination
457,394,Domination,domination
458,395,Domination game,domination game
459,396,domination number,domination number
460,397,domino,domino
461,398,dot product,dot product
462,399,double comet,double comet
463,400,double cover,double cover
464,401,Double nested graph,double nested graph
465,402,double Roman domination,double roman domination
466,403,down-up algebra,down-up algebra
467,404,Doyle-Holt graph,doyle-holt graph
468,405,DRR,drr
469,406,dual edge weight,dual edge weight
470,407,dual polar graph,dual polar graph
471,407,Dual polar graphs,dual polar graph
472,408,dual polar space,dual polar space
473,409,duality,duality
474,410,Dyck path,dyck path
475,411,eccentricity,eccentricity
476,412,edge coloring,edge coloring
477,412,Edge coloring,edge coloring
478,413,edge colouring,edge colouring
479,413,Edge colouring,edge colouring
480,414,edge connectivity,edge connectivity
481,415,edge contributions,edge contribution
482,416,edge decompositon,edge decompositon
483,417,edge domination number,edge domination number
484,418,edge polytope,edge polytope
485,419,edge Szeged index,edge szeged index
486,420,edge weight,edge weight
487,427,edge-  transitive graphs,edge-transitive graph
488,421,edge-amalgamation,edge-amalgamation
489,422,edge-coloring,edge-coloring
490,423,edge-colouring,edge-colouring
491,423,Edge-colouring,edge-colouring
492,424,edge-cuts,edge-cut
493,425,edge-transitive,edge-transitive
494,426,edge-transitive embeddings,edge-transitive embedding
495,427,edge-transitive graph,edge-transitive graph
496,427,Edge-transitive graph,edge-transitive graph
497,428,Edge-transitive map,edge-transitive map
498,429,edge-transitive tessellation,edge-transitive tessellation
499,430,efficient edge dominating set,efficient edge dominating set
500,431,Efficient enumeration,efficient enumeration
501,432,Ehrhart theory,ehrhart theory
502,433,eigenspace,eigenspace
503,434,eigenvalue,eigenvalue
504,434,eigenvalues,eigenvalue
505,435,Eigenvalues of graphs,eigenvalues of graph
506,436,Eigenvector,eigenvector
507,436,eigenvectors,eigenvector
508,437,Eisenstein integers,eisenstein integer
509,438,elementary cycle,elementary cycle
510,439,elliptic curve,elliptic curve
511,440,Embedded graphs,embedded graph
512,441,embedding,embedding
513,442,Embedding dimension,embedding dimension
514,443,endomorphism,endomorphism
515,444,enumerating function,enumerating function
516,445,enumeration,enumeration
517,445,Enumeration,enumeration
518,446,epimorphism,epimorphism
519,447,equalization scheme,equalization scheme
520,448,equidistants,equidistant
521,449,equilibrium,equilibrium
522,450,equilibrium stress,equilibrium stress
523,451,equitable chromatic number,equitable chromatic number
524,452,equitable graph coloring,equitable graph coloring
525,453,equitransitive,equitransitive
526,454,equity-linked life insurance with guarantees,equity-linked life insurance with guarantees
527,455,equivalence of actions,equivalence of actions
528,456,equivariant cohomology,equivariant cohomology
529,457,equivelar map,equivelar map
530,458,Equivelar polyhedron,equivelar polyhedron
531,459,equivelar polytope,equivelar polytope
532,460,Erdős-Ko-Rado theorem,erdős-ko-rado theorem
533,461,Erdős-Sós Conjecture,erdős-sós conjecture
534,462,Euclidean distance matrix,euclidean distance matrix
535,463,Euler characteristic,euler characteristic
536,464,Euler divergent series,euler divergent series
537,465,Euler transform,euler transform
538,466,Eulerian circuit,eulerian circuit
539,467,Eulerian tours,eulerian tour
540,468,Even and odd restricted permutations,even and odd restricted permutation
541,469,even permutation,even permutation
542,470,evolutes,evolute
543,471,exact enumeration,exact enumeration
544,472,exceptional edges,exceptional edge
545,473,exceptional signed graph,exceptional signed graph
546,474,excluded minor,excluded minor
547,475,excursion theory,excursion theory
548,476,exhaustive generation,exhaustive generation
549,477,exhaustive search,exhaustive search
550,478,expander family,expander family
551,479,expectation,expectation
552,480,Expected value,expected value
553,481,exponential growth,exponential growth
554,482,Extensional digraph,extensional digraph
555,483,Extremal graph,extremal graph
556,484,extremal minor,extremal minor
557,485,extremal set theory,extremal set theory
558,486,extremal singular graphs,extremal singular graph
559,487,extremal values,extremal value
560,488,f-vector,f-vector
561,489,face vector,face vector
562,490,Face-homogeneous,face-homogeneous
563,491,facial walk,facial walk
564,492,factorisation,factorisation
565,492,factorizations,factorisation
566,493,Fan-Raspaud Conjecture,fan-raspaud conjecture
567,494,Fano configuration,fano configuration
568,495,fault tolerance,fault tolerance
569,496,Fibonacci cube,fibonacci cube
570,496,Fibonacci cubes,fibonacci cube
571,497,Fibonacci numbers,fibonacci number
572,498,Fibonacci sequence,fibonacci sequence
573,499,field of moduli and field of definition,field of moduli and field of definition
574,500,financial bubbles and crashes,financial bubbles and crashes
575,501,finite abelian groups,finite abelian group
576,502,finite affine space,finite affine space
577,503,finite Desarguesian plane,finite desarguesian plane
578,504,finite embeddability property,finite embeddability property
579,505,finite fields,finite field
580,506,finite generalized quadrangle,finite generalized quadrangle
581,507,finite geometries,finite geometry
582,507,Finite Geometries,finite geometry
583,508,finite group action,finite group action
584,509,finite Markov chain,finite markov chain
585,510,finite projective spaces,finite projective space
586,511,finite sets,finite set
587,512,Finite simple graph,finite simple graph
588,513,first Zagreb eccentricity index,first zagreb eccentricity index
589,514,First Zagreb index,first zagreb index
590,515,fixed-point-free automorphism,fixed-point-free automorphism
591,516,flag graph,flag graph
592,517,flag-transitive,flag-transitive
593,518,flag-transitivity,flag-transitivity
594,519,flat polytope,flat polytope
595,520,Flexible polygons,flexible polygon
596,521,Forbidden configuration,forbidden configuration
597,522,forbidden induced subgraph characterization,forbidden induced subgraph characterization
598,523,forced commutativity of groupoid diagram,forced commutativity of groupoid diagram
599,524,Foster graph,foster graph
600,525,fractional chromatic number,fractional chromatic number
601,526,free positivity,free positivity
602,527,frequency planning,frequency planning
603,528,Frobenius automorphism,frobenius automorphism
604,529,Frobenius group,frobenius group
605,529,Frobenius groups,frobenius group
606,530,Frobenius number,frobenius number
607,531,Frobenius pseudo-varieties,frobenius pseudo-variety
608,532,Frobenius varieties,frobenius variety
609,533,Fuchsian group,fuchsian group
610,534,full rank polytope,full rank polytope
611,535,Fullerene,fullerene
612,536,fullerene graph,fullerene graph
613,537,fullerene patches,fullerene patch
614,537,Fullerene Patches,fullerene patch
615,535,Fullerenes,fullerene
616,538,fundamental group,fundamental group
617,538,Fundamental group,fundamental group
618,539,fundamental theorem of linear algebra,fundamental theorem of linear algebra
619,540,G-graph,g-graph
620,541,G-nutful graph,g-nutful graph
621,542,gain graphs,gain graph
622,543,Gallai colorings,gallai coloring
623,544,Galois group,galois group
624,545,game domination number,game domination number
625,546,GAP,gap
626,547,Gauss codes,gauss code
627,548,Gauss paragraphs,gauss paragraph
628,549,Gauss words,gauss word
629,550,Gaussian and Eisenstein integers,gaussian and eisenstein integer
630,551,GCI-group,gci-group
631,552,general Kneser hypergraph,general kneser hypergraph
632,553,General position problem,general position problem
633,554,Generalized Cayley graph,generalized cayley graph
634,555,generalized dihedral group,generalized dihedral group
635,556,generalized Hadamard matrix,generalized hadamard matrix
636,557,Generalized line graph,generalized line graph
637,558,generalized Petersen graph,generalized petersen graph
638,558,generalized Petersen graphs,generalized petersen graph
639,558,Generalized Petersen graphs,generalized petersen graph
640,559,generalized quadrangle,generalized quadrangle
641,560,Generalized surjective graph homomorphism,generalized surjective graph homomorphism
642,561,generating function,generating function
643,561,generating functions,generating function
644,562,generating theorem,generating theorem
645,563,generation,generation
646,564,generators,generator
647,565,Genocchi number,genocchi number
648,566,genus,genus
649,567,genus distribution,genus distribution
650,567,Genus distribution,genus distribution
651,568,genus polynomial,genus polynomial
652,569,genus spectrum,genus spectrum
653,570,geodesic interval,geodesic interval
654,571,Geodetic problem,geodetic problem
655,572,geometric configuration,geometric configuration
656,572,Geometric configurations,geometric configuration
657,573,geometric graph,geometric graph
658,574,Geometric hyperplanes,geometric hyperplane
659,575,girth,girth
660,576,girth-regular,girth-regular
661,577,global domination,global domination
662,578,Godsil-Hensel matrix,godsil-hensel matrix
663,579,Golomb ruler,golomb ruler
664,580,Golumb ruler,golumb ruler
665,581,good characterization,good characterization
666,582,gram embedding,gram embedding
667,583,Graovac-Pisanski index,graovac-pisanski index
668,584,graph,graph
669,584,Graph,graph
670,608,Graph  producs,graph product
671,608,Graph  product,graph product
672,585,Graph algorithm,graph algorithm
673,585,graph algorithms,graph algorithm
674,586,graph automorphism,graph automorphism
675,587,graph bundle,graph bundle
676,588,Graph coloring,graph coloring
677,588,Graph Coloring,graph coloring
678,589,graph colouring,graph colouring
679,590,graph decompositions,graph decomposition
680,591,graph direct product,graph direct product
681,592,Graph distance,graph distance
682,592,Graph distances,graph distance
683,593,Graph drawing,graph drawing
684,594,graph eigenvalue,graph eigenvalue
685,594,graph eigenvalues,graph eigenvalue
686,594,Graph eigenvalues,graph eigenvalue
687,595,graph embedding,graph embedding
688,595,Graph embedding,graph embedding
689,595,graph embeddings,graph embedding
690,596,graph energy,graph energy
691,597,graph factorisations,graph factorisation
692,598,Graph factorization,graph factorization
693,599,graph genus polynomials,graph genus polynomial
694,600,graph homomorphism,graph homomorphism
695,601,Graph imbedding,graph imbedding
696,602,Graph isomorphism,graph isomorphism
697,603,Graph List-Coloring,graph list-coloring
698,604,graph minor,graph minor
699,605,graph of groups,graph of group
700,606,graph operation,graph operation
701,606,graph operations,graph operation
702,606,Graph operations,graph operation
703,607,graph polynomials,graph polynomial
704,608,graph product,graph product
705,608,graph products,graph product
706,608,Graph products,graph product
707,609,graph spectrum,graph spectrum
708,609,Graph spectrum,graph spectrum
709,610,Graph theory,graph theory
710,611,graphic sequence,graphic sequence
711,612,graphical matroid,graphical matroid
712,613,Graphical zonotope,graphical zonotope
713,614,graphite patches,graphite patch
714,584,graphs,graph
715,584,Graphs,graph
716,615,graphs on surfaces,graphs on surface
717,616,graphs with exactly two non-negative eigenvalues,graphs with exactly two non-negative eigenvalue
718,617,Grassmanian stratification,grassmanian stratification
719,618,Grassmann graph,grassmann graph
720,619,Grassmannian,grassmannian
721,620,Gray codes,gray code
722,621,Gray configuration,gray configuration
723,622,grid,grid
724,623,grid minor,grid minor
725,624,group,group
726,624,Group,group
727,625,group action,group action
728,626,group distance magic labeling,group distance magic labeling
729,627,group extension,group extension
730,627,group extensions,group extension
731,628,group labeling,group labeling
732,629,group presentation,group presentation
733,630,group ring,group ring
734,624,groups,group
735,624,Groups,group
736,631,growth rate,growth rate
737,632,GRR,grr
738,633,Grünbaum graph,grünbaum graph
739,634,Grundy domination number,grundy domination number
740,635,Grundy total domination number,grundy total domination number
741,636,ℋ-free graph,ℋ-free graph
742,637,Hadamard-Fischer inequality,hadamard-fischer inequality
743,638,Hadwiger Conjecture,hadwiger conjecture
744,639,half-arc-transitive,half-arc-transitive
745,640,half-arc-transitive graph,half-arc-transitive graph
746,641,halfcube,halfcube
747,642,Halin graph,halin graph
748,643,halving lines,halving line
749,644,Hamilton cycle,hamilton cycle
750,644,Hamilton cycles,hamilton cycle
751,645,Hamilton path,hamilton path
752,646,Hamilton-connected,hamilton-connected
753,647,Hamilton-laceable,hamilton-laceable
754,648,Hamilton-Waterloo problem,hamilton-waterloo problem
755,649,Hamiltonian,hamiltonian
756,650,hamiltonian cycle,hamiltonian cycle
757,650,Hamiltonian cycle,hamiltonian cycle
758,650,hamiltonian cycles,hamiltonian cycle
759,650,Hamiltonian cycles,hamiltonian cycle
760,651,Hamiltonian path,hamiltonian path
761,651,Hamiltonian paths,hamiltonian path
762,652,hamming graph,hamming graph
763,652,Hamming graph,hamming graph
764,652,Hamming graphs,hamming graph
765,653,Hamming map,hamming map
766,654,Hankel matrix,hankel matrix
767,655,Hankel transform,hankel transform
768,656,Harada-Norton group,harada-norton group
769,657,harmonic differential,harmonic differential
770,658,harmonic map,harmonic map
771,659,Heawood's Theorem,heawood's theorem
772,660,Hedetniemi's conjecture,hedetniemi's conjecture
773,661,Heffter array,heffter array
774,661,Heffter arrays,heffter array
775,662,hereditary graph class,hereditary graph class
776,663,Hessenberg matrix,hessenberg matrix
777,664,heuristic search,heuristic search
778,665,hexagonal lattice,hexagonal lattice
779,666,hexagonal-celled,hexagonal-celled
780,667,Heyting algebras,heyting algebra
781,668,hierarchical diamond lattice,hierarchical diamond lattice
782,669,hierarchies,hierarchy
783,670,Hirzebruch inequality,hirzebruch inequality
784,671,HL-index,hl-index
785,672,Hoffman graph,hoffman graph
786,673,Holder’s Theorem,holder’s theorem
787,674,homeomorphically irreducible trees,homeomorphically irreducible tree
788,675,HOMO-LUMO map,homo-lumo map
789,676,Homogenous coloring,homogenous coloring
790,677,homology group,homology group
791,678,homometric subsets,homometric subset
792,679,homomorphism,homomorphism
793,679,Homomorphism,homomorphism
794,680,honeycomb toroidal graph,honeycomb toroidal graph
795,681,Hopf algebras,hopf algebra
796,682,Hosoya polynomial,hosoya polynomial
797,683,Hurwitz map,hurwitz map
798,684,hyperball packings,hyperball packing
799,685,Hyperbolic geometry,hyperbolic geometry
800,686,hyperbolic mosaic,hyperbolic mosaic
801,687,hyperbolic plane,hyperbolic plane
802,688,hypercube,hypercube
803,689,hyperelliptic graph,hyperelliptic graph
804,690,hyperfibonacci sequence,hyperfibonacci sequence
805,691,hypergeometric Bernoulli numbers,hypergeometric bernoulli number
806,692,hypergeometric Cauchy numbers,hypergeometric cauchy number
807,693,hypergeometric functions,hypergeometric function
808,694,hypergraph,hypergraph
809,694,hypergraphs,hypergraph
810,695,hypermap,hypermap
811,695,Hypermap,hypermap
812,695,hypermaps,hypermap
813,695,Hypermaps,hypermap
814,696,Hyperplane arrangement,hyperplane arrangement
815,697,hypertopes,hypertope
816,698,hypohamiltonian,hypohamiltonian
817,698,Hypohamiltonian,hypohamiltonian
818,699,I-graph,i-graph
819,699,I-graphs,i-graph
820,700,i-packing,i-packing
821,701,IDD-perfect graph,idd-perfect graph
822,702,Immersion,immersion
823,703,imprimitive group,imprimitive group
824,704,incidence geometry,incidence geometry
825,705,incidence statement,incidence statement
826,706,incidence structure,incidence structure
827,706,Incidence structure,incidence structure
828,707,incidence structures,incidence structures
829,708,indecomposable matrices,indecomposable matrix
830,709,independence number,independence number
831,710,independence ratio,independence ratio
832,711,independence-domination number,independence-domination number
833,712,independent set,independent set
834,712,independent sets,independent set
835,712,Independent sets,independent set
836,713,Induced forest,induced forest
837,714,induced-path interval,induced-path interval
838,715,inertia,inertia
839,716,infinite dimensional hypercube,infinite dimensional hypercube
840,717,infinite graph,infinite graph
841,717,infinite graphs,infinite graph
842,718,Injective coloring,injective coloring
843,719,injectivity radius,injectivity radius
844,720,inner-abelian p-group,inner-abelian p-group
845,721,inside-out polytope,inside-out polytope
846,722,Integer flow,integer flow
847,723,integer linear programming,integer linear programming
848,724,integral graph,integral graph
849,724,Integral graphs,integral graph
850,725,integral representation,integral representation
851,726,interconnection network,interconnection network
852,727,interlacing,interlacing
853,728,internal and external active edges,internal and external active edge
854,729,internet search data,internet search data
855,730,intersection graphs of families of boxes,intersection graphs of families of boxes
856,731,intersection lattice,intersection lattice
857,732,intersection theorems,intersection theorem
858,733,interval edge-coloring,interval edge-coloring
859,734,Intrinsic linking,intrinsic linking
860,735,intuitionistic logic,intuitionistic logic
861,736,inverse eigenvalue problem,inverse eigenvalue problem
862,737,involutes,involute
863,738,IP loop,ip loop
864,739,irreducible,irreducible
865,740,‎irreducible character,‎irreducible character
866,741,irreducible snark,irreducible snark
867,742,Ising chain,ising chain
868,743,isoclinism,isoclinism
869,744,isolated pentagon rule,isolated pentagon rule
870,745,isometric point-circle configuration,isometric point-circle configuration
871,746,isometric subgraph,isometric subgraph
872,747,isometry,isometry
873,748,isomorphism,isomorphism
874,749,isomorphism problem,isomorphism problem
875,748,Isomorphisms,isomorphism
876,750,isospectral graphs,isospectral graph
877,751,isotropic subspace,isotropic subspace
878,752,iterated line graph,iterated line graph
879,753,Jacobian group,jacobian group
880,754,JLS model,jls model
881,755,Johnson graph,johnson graph
882,756,Join,join
883,757,join of two graphs,join of two graph
884,758,K_{1,k_{1
885,759,k-in-a-row game,k-in-a-row game
886,760,k-metric dimension,k-metric dimension
887,761,Kainen's Basis,kainen's base
888,762,Kekul\'e structure,kekul\'e structure
889,763,Kekulé structure,kekulé structure
890,764,Keller graphs,keller graph
891,765,key-graphs,key-graph
892,766,Kirchhoff graphs,kirchhoff graph
893,767,Kirchhoff index,kirchhoff index
894,768,Klein bottle,klein bottle
895,769,Klein surfaces,klein surface
896,770,Kneser graph,kneser graph
897,770,Kneser graphs,kneser graph
898,771,knight graph,knight graph
899,772,Konig-Egervary graph,konig-egervary graph
900,773,König-Egerváry graph,könig-egerváry graph
901,774,Kronecker product graph,kronecker product graph
902,775,Kuratowski subgraphs,kuratowski subgraph
903,776,L2(11),l2(11)
904,777,Lagrangian inversion,lagrangian inversion
905,778,Langford sequence,langford sequence
906,779,Laplacian polynomial,laplacian polynomial
907,780,Laplacian spectrum,laplacian spectrum
908,781,largest eigenvalue,largest eigenvalue
909,782,last exit decompositions,last exit decomposition
910,783,Latin square,latin square
911,783,Latin squares,latin square
912,784,lattice animal,lattice animal
913,785,lattice polytopes,lattice polytope
914,786,lattice section,lattice section
915,787,lattices of subgroups,lattices of subgroup
916,788,least eigenvalue,least eigenvalue
917,789,Legendre polynomials,legendre polynomial
918,790,Leonard pair,leonard pair
919,791,Leonardo polyhedron,leonardo polyhedron
920,792,levels,level
921,793,Levi graph,levi graph
922,794,lexicographic product,lexicographic product
923,795,lifting,lifting
924,796,lifting automorphisms,lifting automorphism
925,797,light graph,light graph
926,798,lightness,lightness
927,799,Line configurations,line configuration
928,800,line graph,line graph
929,800,Line graphs,line graph
930,801,linear algorithm,linear algorithm
931,802,Linear code,linear code
932,803,linear fractional group,linear fractional group
933,804,linear groups,linear group
934,805,linear programming duality,linear programming duality
935,806,linear set,linear set
936,806,linear sets,linear set
937,807,linear systems over the integers,linear systems over the integer
938,808,linearized polynomial,linearized polynomial
939,808,Linearized polynomial,linearized polynomial
940,809,linearly independent quaternionic monomials,linearly independent quaternionic monomial
941,810,Linearly recursive sequences,linearly recursive sequences
942,811,linking ring structure,linking ring structure
943,812,linking rings structure,linking rings structure
944,813,lion and man,lion and man
945,814,list weighting,list weighting
946,815,Livingstone--Wagner Theorem,livingstone--wagner theorem
947,816,Lobe,lobe
948,817,lobe-transitive,lobe-transitive
949,818,local embeddability,local embeddability
950,819,locally arc-transitive graph,locally arc-transitive graph
951,820,locally s-arc-transitive graphs,locally s-arc-transitive graph
952,821,locating domination,locating domination
953,822,Locating-dominating number,locating-dominating number
954,823,log-concavity,log-concavity
955,824,logarithm,logarithm
956,825,long cycle,long cycle
957,826,Lovász local lemma,lovász local lemma
958,827,Lucas cube,lucas cube
959,827,Lucas cubes,lucas cube
960,828,m-Cayley,m-cayley
961,829,Mahler measure,mahler measure
962,830,Majorana,majorana
963,831,Majorana representations,majorana representation
964,832,majority rule,majority rule
965,833,majorization,majorization
966,834,map,map
967,834,Map,map
968,835,map coloring,map coloring
969,836,map on surface,map on surface
970,834,maps,map
971,834,Maps,map
972,837,maps on surfaces,maps on surface
973,838,market regimes,market regimes
974,839,Markov chain,markov chain
975,839,Markov chains,markov chain
976,840,Markov proceses,markov proceses
977,841,matching,matching
978,842,matching number,matching number
979,843,mathematical chemistry,mathematical chemistry
980,844,mathematical software,mathematical software
981,845,Mathieu group,mathieu group
982,846,Matlab toolbox,matlab toolbox
983,847,matrix,matrix
984,848,matrix ring,matrix ring
985,849,Matrix semigroup,matrix semigroup
986,850,matroids,matroid
987,850,Matroids,matroid
988,851,maximal clique,maximal clique
989,852,maximal green sequence,maximal green sequence
990,853,maximal matching,maximal matching
991,853,Maximal matching,maximal matching
992,854,maximal matching polynomial,maximal matching polynomial
993,855,maximal outerplanar,maximal outerplanar
994,856,maximal packing,maximal packing
995,857,Maximally non-hamiltonian digraphs,maximally non-hamiltonian digraph
996,858,maximum cut,maximum cut
997,859,maximum degree,maximum degree
998,860,Maximum genus,maximum genus
999,861,maximum independent set,maximum independent set
1000,861,Maximum independent set,maximum independent set
1001,862,maximum packing with 6-cycles,maximum packing with 6-cycle
1002,863,Maximum packing with triples,maximum packing with triple
1003,864,Maxwell-Cremona correspondence,maxwell-cremona correspondence
1004,865,medial,medial
1005,866,medial graph,medial graph
1006,867,median,median
1007,868,median graph,median graph
1008,869,Melchior inequality,melchior inequality
1009,870,metacyclic group,metacyclic group
1010,871,metric dimension,metric dimension
1011,872,Metric spaces,metric space
1012,873,Minimal covers,minimal cover
1013,874,minimal cutset,minimal cutset
1014,875,minimal non-abelian group,minimal non-abelian group
1015,876,minimal separator,minimal separator
1016,877,minimum cycle bases,minimum cycle base
1017,878,minimum rank,minimum rank
1018,879,Minkowski geometry,minkowski geometry
1019,880,mirror,mirror
1020,881,Mixed discriminants,mixed discriminant
1021,882,Mixed fault diameter,mixed fault diameter
1022,883,mixed hypergraph,mixed hypergraph
1023,884,mixed volume,mixed volume
1024,885,mixing,mixing
1025,886,Möbius configuration,möbius configuration
1026,887,Möbius function,möbius function
1027,888,Möbius functions (on a lattice),möbius functions (on a lattice)
1028,889,Mobius map,mobius map
1029,890,Möbius pair,möbius pair
1030,891,Möbius strip,möbius strip
1031,892,modified Wiener index,modified wiener index
1032,892,Modified Wiener index,modified wiener index
1033,893,modulo 3-orientation,modulo 3-orientation
1034,894,molecular conduction,molecular conduction
1035,895,molecular conductivity,molecular conductivity
1036,896,molecular descriptor,molecular descriptor
1037,897,monodromy group,monodromy group
1038,898,monohedral tiling,monohedral tiling
1039,899,monoids,monoid
1040,900,monostatic polyhedron,monostatic polyhedron
1041,901,Monster algebra,monster algebra
1042,902,Moore graph,moore graph
1043,903,Morse index,morse index
1044,904,motion,motion
1045,905,Motion Lemma,motion lemma
1046,906,motion planning,motion planning
1047,907,Motzkin polynomial,motzkin polynomial
1048,908,Moulton planes,moulton plane
1049,909,MRD-code,mrd-code
1050,910,multigraph,multigraph
1051,911,multihomomorphism,multihomomorphism
1052,912,multipartite complete graph,multipartite complete graph
1053,913,multiple edge,multiple edge
1054,914,multiplicities,multiplicity
1055,914,multiplicity,multiplicity
1056,915,Mycielski graphs,mycielski graph
1057,916,n-distance-balanced graph,n-distance-balanced graph
1058,917,n-simplex,n-simplex
1059,918,nanocones,nanocone
1060,919,natural isomorphism,natural isomorphism
1061,920,NCSOStools,ncsostools
1062,921,Near hexagons,near hexagon
1063,922,near-embedding,near-embedding
1064,923,nearly convex column,nearly convex column
1065,924,Nebesky theorem,nebesky theorem
1066,925,negative cycle vector,negative cycle vector
1067,926,neighbour sum distinguishing index,neighbour sum distinguishing index
1068,927,net-balanced signed graph,net-balanced signed graph
1069,928,network measures,network measure
1070,929,network models,network model
1071,930,nilpotent group,nilpotent group
1072,931,nilpotent operators,nilpotent operator
1073,932,NMDS-Code,nmds-code
1074,933,NMNR-coloring,nmnr-coloring
1075,934,non-commutative algebra,non-commutative algebra
1076,935,non-contractible cycle,non-contractible cycle
1077,936,Non-equivalent coverings,non-equivalent covering
1078,937,non-negative spectrum,non-negative spectrum
1079,938,non-nilpotent subgroup,non-nilpotent subgroup
1080,939,non-orientable surface,non-orientable surface
1081,940,non-singular graph,non-singular graph
1082,941,Nonattacking chess pieces,nonattacking chess pieces
1083,942,Noncommutative frame,noncommutative frame
1084,943,noncommutative polynomial,noncommutative polynomial
1085,944,Normal,normal
1086,945,normal distribution,normal distribution
1087,946,normal quotient,normal quotient
1088,947,normal quotient graph,normal quotient graph
1089,948,normal quotient reduction,normal quotient reduction
1090,949,Normalizer,normalizer
1091,950,normed plane,normed plane
1092,951,nowhere-zero 3-flow,nowhere-zero 3-flow
1093,952,Nowhere-zero flow,nowhere-zero flow
1094,953,NP-complete,np-complete
1095,954,NP-completeness,np-completeness
1096,955,NP-hard,np-hard
1097,956,NP-hardness,np-hardness
1098,957,NSSD,nssd
1099,958,Nuciferous graph,nuciferous graph
1100,959,Nuficerous graph,nuficerous graph
1101,960,nullity,nullity
1102,960,Nullity,nullity
1103,961,numerical computation,numerical computation
1104,962,numerical semigroup,numerical semigroup
1105,962,numerical semigroups,numerical semigroup
1106,963,nut fullerenes,nut fullerene
1107,964,nut graphs,nut graph
1108,965,O'Nan sporadic simple group,o'nan sporadic simple group
1109,966,Oberwolfach problem,oberwolfach problem
1110,967,octahedral binary group,octahedral binary group
1111,968,odd chromatic index,odd chromatic index
1112,969,odd edge-coloring,odd edge-coloring
1113,970,odd edge-covering,odd edge-covering
1114,971,odd permutation,odd permutation
1115,972,odd subgraph,odd subgraph
1116,973,oddness,oddness
1117,974,omittable lines,omittable line
1118,975,One-regular graphs,one-regular graph
1119,976,optical orthogonal code,optical orthogonal code
1120,977,Optimal stopping for Markov chains,optimal stopping for markov chain
1121,978,orbifold,orbifold
1122,978,Orbifold,orbifold
1123,979,orbit,orbit
1124,980,orbital graph,orbital graph
1125,981,order,order
1126,982,order-chain polytope,order-chain polytope
1127,983,orientable genus,orientable genus
1128,984,orientable genus of a graph,orientable genus of a graph
1129,985,orientable surface,orientable surface
1130,986,orientably regular,orientably regular
1131,987,orientation,orientation
1132,988,oriented graph,oriented graph
1133,989,Oriented hypergraphs,oriented hypergraph
1134,990,oriented matroid,oriented matroid
1135,991,outerplanar graph,outerplanar graph
1136,991,Outerplanar Graphs,outerplanar graph
1137,992,p-group,p-group
1138,992,p-groups,p-group
1139,993,p-schemes,p-scheme
1140,994,Packing chromatic number,packing chromatic number
1141,995,packing density,packing density
1142,996,Padovan numbers,padovan number
1143,997,pairing strategies,pairing strategy
1144,998,Palette index,palette index
1145,999,Pappus,pappus
1146,1000,Pappus's Theorem,pappus's theorem
1147,1001,parabolic induction,parabolic induction
1148,1002,Paralell Backtracking search with isomorph rejection,paralell backtracking search with isomorph rejection
1149,1003,Parallelogram law,parallelogram law
1150,1004,parallelotope,parallelotope
1151,1004,parallelotopes,parallelotope
1152,1005,parameterizations,parameterization
1153,1006,partial cubes,partial cube
1154,1007,partial genus distribution,partial genus distribution
1155,1008,partial linear space,partial linear space
1156,1009,Partial orders,partial order
1157,1010,partial product graph,partial product graph
1158,1011,partial star product,partial star product
1159,1012,partition,partition
1160,1013,partitioned genus distribution,partitioned genus distribution
1161,1012,Partitions,partition
1162,1014,patch,patch
1163,1015,path,path
1164,1015,paths,path
1165,1016,pattern avoidance,pattern avoidance
1166,1017,Payne's doily,payne's doily
1167,1018,pentahedral cages,pentahedral cage
1168,1019,perfect matching,perfect matching
1169,1019,Perfect matching,perfect matching
1170,1020,Perfect matching derangement graph,perfect matching derangement graph
1171,1019,perfect matchings,perfect matching
1172,1021,permanent,permanent
1173,1021,Permanent,permanent
1174,1021,permanents,permanent
1175,1022,permutable matching,permutable matching
1176,1023,permutation,permutation
1177,1023,Permutation,permutation
1178,1024,permutation group,permutation group
1179,1024,Permutation group,permutation group
1180,1024,permutation groups,permutation group
1181,1025,Permutation polytopes,permutation polytope
1182,1026,Perrin numbers,perrin number
1183,1028,Petersen coloring conjecture,petersen coloring conjecture
1184,1027,Petersen colorings,petersen coloring
1185,1029,Petersen graph,petersen graph
1186,1030,Petersen-colouring,petersen-colouring
1187,1031,Petrie dual,petrie dual
1188,1032,Petrie polygon,petrie polygon
1189,1033,Pfaffian graph,pfaffian graph
1190,1034,picture,picture
1191,1035,planar,planar
1192,1036,planar decomposition,planar decomposition
1193,1037,planar discontinuous group,planar discontinuous group
1194,1038,planar graph,planar graph
1195,1038,Planar graph,planar graph
1196,1038,planar graphs,planar graph
1197,1039,planar subgraphs decomposition,planar subgraphs decomposition
1198,1040,Planar triangulation,planar triangulation
1199,1041,planar width,planar width
1200,1042,plane graph,plane graph
1201,1042,Plane graph,plane graph
1202,1043,Plane triangulation,plane triangulation
1203,1044,Platonic solid,platonic solid
1204,1044,Platonic solids,platonic solid
1205,1045,Plurality strategy,plurality strategy
1206,1046,point-imprimitive,point-imprimitive
1207,1047,Point-line configuration,point-line configuration
1208,1048,Point-line incidence graph,point-line incidence graph
1209,1049,point-line incidence structure,point-line incidence structure
1210,1050,point-primitive,point-primitive
1211,1051,Polar space,polar space
1212,1052,polarity graph,polarity graph
1213,1053,polycirculant conjecture,polycirculant conjecture
1214,1054,polyhedra,polyhedra
1215,1055,polyhedral scene,polyhedral scene
1216,1056,polyhedron,polyhedron
1217,1056,Polyhedron,polyhedron
1218,1058,polynomial algorithm,polynomial algorithm
1219,1057,polynomials,polynomial
1220,1059,polyomino,polyomino
1221,1060,polyomino graph,polyomino graph
1222,1061,polyphenyl chain,polyphenyl chain
1223,1062,polytopes,polytope
1224,1063,poset,poset
1225,1063,Poset,poset
1226,1064,Positional games,positional game
1227,1065,positive (negative) inertia index,positive (negative) inertia index
1228,1066,power series,power series
1229,1067,pre-graph,pre-graph
1230,1068,pre-map,pre-map
1231,1069,prime factorization of graphs,prime factorization of graph
1232,1070,prime order,prime order
1233,1071,primitive group,primitive group
1234,1071,primitive groups,primitive group
1235,1072,primitivity,primitivity
1236,1073,primorials,primorials
1237,1074,privacy,privacy
1238,1075,probabilistic analysis,probabilistic analysis
1239,1076,probability,probability
1240,1077,product irregularity strength,product irregularity strength
1241,1078,product of congurations,product of conguration
1242,1079,product of cyclic groups,product of cyclic group
1243,1080,product relation,product relation
1244,1081,Product-irregular labeling,product-irregular labeling
1245,1082,production,production
1246,1083,production matrix,production matrix
1247,1084,Projective arrangements,projective arrangement
1248,1085,projective linear groups,projective linear group
1249,1086,projective plane,projective plane
1250,1087,projective space,projective space
1251,1088,Projective special linear groups,projective special linear group
1252,1089,proximity,proximity
1253,1090,pseudo-core,pseudo-core
1254,1091,pseudo-line,pseudo-line
1255,1092,pseudoachromatic index,pseudoachromatic index
1256,1093,pseudoconvex patches,pseudoconvex patch
1257,1094,pseudocyclic association schemes,pseudocyclic association scheme
1258,1095,Pseudoline arrangement,pseudoline arrangement
1259,1096,pTS-distance-balanced graph,pts-distance-balanced graph
1260,1097,Pursuit game,pursuit game
1261,1098,Pursuit-evasion,pursuit-evasion
1262,1099,push to leaves,push to leave
1263,1100,Python library,python library
1264,1101,quadrangulation,quadrangulation
1265,1101,Quadrangulation,quadrangulation
1266,1102,quadratic form,quadratic form
1267,1103,quasi m-Cayley graph,quasi m-cayley graph
1268,1104,quasi product,quasi product
1269,1105,quasi-robust,quasi-robust
1270,1106,quasiline arrangement,quasiline arrangement
1271,1107,quasiprimitive permutation groups,quasiprimitive permutation group
1272,1108,Quaternionic power series,quaternionic power series
1273,1109,queen graphs,queen graph
1274,1110,R-core,r-core
1275,1111,r-inflation,r-inflation
1276,1112,r-Lah polynomials,r-lah polynomial
1277,1113,R-reduced graph,r-reduced graph
1278,1114,R-retraction,r-retraction
1279,1115,radius,radius
1280,1116,rainbow subgraph,rainbow subgraph
1281,1117,rainbow triangles,rainbow triangle
1282,1118,Ramsey theory,ramsey theory
1283,1119,random generation,random generation
1284,1120,random trees,random tree
1285,1121,ranked poset,ranked poset
1286,1122,rational angle,rational angle
1287,1123,rational coordinatization,rational coordinatization
1288,1124,reachability relation,reachability relation
1289,1125,reaction networks,reaction network
1290,1126,real algebraic geometry,real algebraic geometry
1291,1127,real-rootedness,real-rootedness
1292,1128,reconfiguration problems,reconfiguration problem
1293,1129,reconstructibility from the boundary,reconstructibility from the boundary
1294,1131,recurrence relations,recurrence relation
1295,1130,recurrences,recurrence
1296,1132,recursion relation,recursion relation
1297,1133,recursive structure,recursive structure
1298,1134,Reducibility,reducibility
1299,1135,reflection,reflection
1300,1136,reflexible edge-transitive embedding,reflexible edge-transitive embedding
1301,1137,regular 4-polytope,regular 4-polytope
1302,1138,regular abelian subgroup,regular abelian subgroup
1303,1139,regular and chiral,regular and chiral
1304,1140,Regular and rotary maps,regular and rotary map
1305,1141,Regular balanced Cayley map,regular balanced cayley map
1306,1142,regular cover,regular cover
1307,1144,regular covering projection,regular covering projection
1308,1143,regular coverings,regular covering
1309,1145,Regular dessin,regular dessin
1310,1146,Regular embedding,regular embedding
1311,1147,Regular graphs,regular graph
1312,1148,regular hypermap,regular hypermap
1313,1149,regular map,regular map
1314,1149,Regular map,regular map
1315,1150,Regular polygonal system,regular polygonal system
1316,1151,regular polyhedron,regular polyhedron
1317,1152,regular polytopes,regular polytope
1318,1153,Regular subgroup,regular subgroup
1319,1154,regular weight,regular weight
1320,1155,regularity,regularity
1321,1155,Regularity,regularity
1322,1156,relative normalised size,relative normalised size
1323,1157,relative size,relative size
1324,1158,remoteness,remoteness
1325,1159,representation,representation
1326,1159,Representation,representation
1327,1160,Residual voluntary health insurance,residual voluntary health insurance
1328,1161,residually finite,residually finite
1329,1162,resistance,resistance
1330,1163,resistance distance,resistance distance
1331,1164,resolvable cycle decompositions,resolvable cycle decomposition
1332,1165,resolvable decompositions,resolvable decomposition
1333,1166,resolvable transversal design,resolvable transversal design
1334,1167,resolving sets,resolving set
1335,1168,resonance graph,resonance graph
1336,1169,restrictedly regular,restrictedly regular
1337,1170,restrictedly-marked,restrictedly-marked
1338,1171,revised edge Szeged index,revised edge szeged index
1339,1172,revised Szeged index,revised szeged index
1340,1173,Ribbon graph,ribbon graph
1341,1174,Riemann surface,riemann surface
1342,1174,Riemann surfaces,riemann surface
1343,1174,Riemann Surfaces,riemann surface
1344,1175,Riemann--Hurwitz formula,riemann--hurwitz formula
1345,1176,risk equalization,risk equalization
1346,1177,robust,robust
1347,1178,Robust cycle basis,robust cycle base
1348,1179,Roman domination,roman domination
1349,1180,root system,root system
1350,1181,rooted hypermap,rooted hypermap
1351,1182,Rooted map,rooted map
1352,1182,rooted maps,rooted map
1353,1183,rooted trees,rooted tree
1354,1184,rooted-graph,rooted-graph
1355,1185,rose window,rose window
1356,1186,Rose window graphs,rose window graph
1357,1187,rotational orbit,rotational orbit
1358,1188,rq-convex sets,rq-convex set
1359,1189,S_10-conjecture,s_10-conjecture
1360,1190,s-arc transitive graphs,s-arc transitive graph
1361,1191,s-distance set,s-distance set
1362,1192,s-geodesic transitive graphs,s-geodesic transitive graph
1363,1193,saturation number,saturation number
1364,1193,Saturation number,saturation number
1365,1194,Scattered linear set,scattered linear set
1366,1195,Schläfli symbol,schläfli symbol
1367,1196,Schreier formula,schreier formula
1368,1197,Schubert polynomials,schubert polynomial
1369,1198,Schur multiplier,schur multiplier
1370,1199,Schur numbers,schur number
1371,1200,Schur ring,schur ring
1372,1200,Schur rings,schur ring
1373,1201,Schur-Siegel-Smyth trace problem,schur-siegel-smyth trace problem
1374,1202,search,search
1375,1203,second Zagreb eccentricity index,second zagreb eccentricity index
1376,1204,Second Zagreb index,second zagreb index
1377,1205,Seidel triangle,seidel triangle
1378,1206,self-dual map,self-dual map
1379,1207,self-normalizing subgroup,self-normalizing subgroup
1380,1208,self-Petrie-dual map,self-petrie-dual map
1381,1209,semi-directed,semi-directed
1382,1210,semi-edge walk,semi-edge walk
1383,1211,semiaffine space,semiaffine space
1384,1212,semidefinite programming,semidefinite programming
1385,1213,semidirect product,semidirect product
1386,1214,Semifields,semifield
1387,1215,semigroups,semigroup
1388,1216,semiregular automorphism,semiregular automorphism
1389,1217,semiregular group,semiregular group
1390,1218,semiring,semiring
1391,1219,semisymmetric graph,semisymmetric graph
1392,1220,sensitivity conjecture,sensitivity conjecture
1393,1221,separating cycle,separating cycle
1394,1222,Separator,separator
1395,1223,Sequence,sequence
1396,1224,set theory,set theory
1397,1225,Shnurnikov inequality,shnurnikov inequality
1398,1226,Sierpiński graph,sierpiński graph
1399,1226,Sierpiński graphs,sierpiński graph
1400,1227,signed graph,signed graph
1401,1227,Signed graph,signed graph
1402,1228,Signed graph‎,signed graph‎
1403,1229,signed graph decomposition,signed graph decomposition
1404,1230,signed line graph,signed line graph
1405,1231,signless Laplacian,signless laplacian
1406,1232,Signless Laplacian Estrada index,signless laplacian estrada index
1407,1233,simplicial,simplicial
1408,1234,Simplicial arrangement,simplicial arrangement
1409,1235,simulated annealing,simulated annealing
1410,1236,Singer groups,singer group
1411,1237,singular congurations,singular conguration
1412,1238,singular graphs,singular graph
1413,1239,skew lattice,skew lattice
1414,1239,Skew lattices,skew lattice
1415,1240,skew morphism,skew morphism
1416,1241,skew-morphism,skew-morphism
1417,1242,Skolem sequence,skolem sequence
1418,1243,slit space,slit space
1419,1244,small Ree groups,small ree group
1420,1245,smallest eigenvalue,smallest eigenvalue
1421,1246,Smith normal form,smith normal form
1422,1247,smooth subgroup,smooth subgroup
1423,1248,snark,snark
1424,1248,snarks,snark
1425,1249,social network,social network
1426,1249,social networks,social network
1427,1250,solvable group,solvable group
1428,1250,Solvable group,solvable group
1429,1251,spanning forests,spanning forest
1430,1252,spanning tree,spanning tree
1431,1252,Spanning tree,spanning tree
1432,1253,spanning tree leaves,spanning tree leave
1433,1254,sparse graphs and hypergraphs,sparse graphs and hypergraph
1434,1255,spatial conguration,spatial conguration
1435,1256,special graph,special graph
1436,1257,special linear group,special linear group
1437,1258,spectral inequalities,spectral inequality
1438,1259,Spectral radius of graph,spectral radius of graph
1439,1260,spectrum,spectrum
1440,1261,‎spectrum,‎spectrum
1441,1260,Spectrum,spectrum
1442,1262,Spectrum and eigenvalues of graphs,spectrum and eigenvalues of graph
1443,1263,Spherical latin bitrade,spherical latin bitrade
1444,1264,Spherical quadrangle,spherical quadrangle
1445,1265,spherical tiling,spherical tiling
1446,1266,Spherical tiling by congruent quadrangles,spherical tiling by congruent quadrangle
1447,1267,spherical trigonometry,spherical trigonometry
1448,1268,spin system,spin system
1449,1269,spiro chain,spiro chain
1450,1270,split graph,split graph
1451,1271,splitting type,splitting type
1452,1272,sporadic,sporadic
1453,1273,spread,spread
1454,1273,spreads,spread
1455,1274,square graph,square graph
1456,1275,square lattice,square lattice
1457,1276,squares,squares
1458,1277,stability,stability
1459,1278,stabilizer,stabilizer
1460,1279,stable Kneser graph,stable kneser graph
1461,1280,star complement,star complement
1462,1281,static equilibrium,static equilibrium
1463,1282,Steiner triple system,steiner triple system
1464,1283,Stirling number,stirling number
1465,1283,Stirling numbers,stirling number
1466,1284,Stock returns,stock returns
1467,1285,string C-groups,string c-group
1468,1286,string links,string links
1469,1287,strong geodetic problem,strong geodetic problem
1470,1288,Strong metric dimension,strong metric dimension
1471,1289,strong Petersen colorings,strong petersen coloring
1472,1290,strong product graph,strong product graph
1473,1291,strong product of graphs,strong product of graph
1474,1292,strong symmetric genus,strong symmetric genus
1475,1293,Strongly light subgraph,strongly light subgraph
1476,1294,strongly regular digraphs,strongly regular digraph
1477,1295,strongly regular graph,strongly regular graph
1478,1295,strongly regular graphs,strongly regular graph
1479,1296,strongy distance-balanced,strongy distance-balanced
1480,1297,subconstituent algebra,subconstituent algebra
1481,1297,Subconstituent algebra,subconstituent algebra
1482,1298,Subcubic graph,subcubic graph
1483,1299,subgroup lattice,subgroup lattice
1484,1300,subset sum,subset sum
1485,1301,Subtrees,subtree
1486,1302,Sum of squares,sum of squares
1487,1303,Summed r-Lah numbers,summed r-lah number
1488,1304,sumsets,sumset
1489,1305,Super connectivity,super connectivity
1490,1306,Supercharacter theory‎,supercharacter theory‎
1491,1307,‎superclass‎,‎superclass‎
1492,1308,superimposition,superimposition
1493,1309,superposition,superposition
1494,1310,support function,support function
1495,1311,surface,surface
1496,1311,Surface,surface
1497,1311,surfaces,surface
1498,1312,surgeries,surgery
1499,1313,sweep,sweep
1500,1314,switching equivalent signed graphs,switching equivalent signed graph
1501,1315,Sylow cyclic groups,sylow cyclic group
1502,1316,symbolic summation,symbolic summation
1503,1317,Symmetric crosscap number,symmetric crosscap number
1504,1318,Symmetric design,symmetric design
1505,1318,symmetric designs,symmetric design
1506,1318,Symmetric Designs,symmetric design
1507,1319,symmetric function,symmetric function
1508,1320,Symmetric genus,symmetric genus
1509,1321,Symmetric graph,symmetric graph
1510,1321,symmetric graphs,symmetric graph
1511,1321,Symmetric graphs,symmetric graph
1512,1322,symmetric group,symmetric group
1513,1323,symmetric hamiltonian cycle system,symmetric hamiltonian cycle system
1514,1324,symmetric matrix,symmetric matrix
1515,1325,Symmetric varieties,symmetric variety
1516,1326,symmetries,symmetry
1517,1326,symmetry,symmetry
1518,1327,symmetry breaking,symmetry breaking
1519,1327,Symmetry breaking,symmetry breaking
1520,1328,symmetry breaking in graph,symmetry breaking in graph
1521,1328,symmetry breaking in graphs,symmetry breaking in graph
1522,1329,symmetry group,symmetry group
1523,1329,symmetry groups,symmetry group
1524,1330,Symmetry type,symmetry type
1525,1331,symmetry type graph,symmetry type graph
1526,1332,symplectic polarity,symplectic polarity
1527,1333,Szeged index,szeged index
1528,1334,Szekeres-Wilf inequality,szekeres-wilf inequality
1529,1335,t-graph,t-graph
1530,1336,T-join,t-join
1531,1337,Taylor graph,taylor graph
1532,1338,Temporal network,temporal network
1533,1339,Tensegrities,tensegrity
1534,1340,ternary relation,ternary relation
1535,1341,Terwilliger algebra,terwilliger algebra
1536,1342,tessellation,tessellation
1537,1343,Tetrahedral cages,tetrahedral cage
1538,1344,tetravalent graph,tetravalent graph
1539,1345,The Erdős-Ko-Rado theorem,the erdős-ko-rado theorem
1540,1346,The irregularity of graph,the irregularity of graph
1541,1347,the Petford-Welsh algorithm,the petford-welsh algorithm
1542,1348,the total irregularity of graph,the total irregularity of graph
1543,1349,the Tower of Hanoi graph,the tower of hanoi graph
1544,1350,thickness,thickness
1545,1350,Thickness,thickness
1546,1351,thin geometries,thin geometry
1547,1352,threshold Boolean function,threshold boolean function
1548,1353,threshold hypergraph,threshold hypergraph
1549,1354,tight polytope,tight polytope
1550,1355,Tiling,tiling
1551,1355,Tilings,tiling
1552,1356,Toeplitz matrix,toeplitz matrix
1553,1357,topological configuration,topological configuration
1554,1358,topological graph theory,topological graph theory
1555,1358,Topological graph theory,topological graph theory
1556,1359,topological index,topological index
1557,1359,topological indices,topological index
1558,1360,toroidal,toroidal
1559,1361,Total colourings of graphs,total colourings of graph
1560,1362,total distance,total distance
1561,1363,total distinguishing chromatic number,total distinguishing chromatic number
1562,1364,total distinguishing number,total distinguishing number
1563,1365,total domination number,total domination number
1564,1365,Total domination number,total domination number
1565,1366,total graph,total graph
1566,1367,Total positivity,total positivity
1567,1368,totally positive matrix,totally positive matrix
1568,1369,trace,trace
1569,1370,traceable,traceable
1570,1371,trading strategies,trading strategy
1571,1372,Tranisitvity,tranisitvity
1572,1373,transfer matrix method,transfer matrix method
1573,1374,Transit function,transit function
1574,1374,Transit functions,transit function
1575,1375,transition matrix,transition matrix
1576,1376,transitive graph,transitive graph
1577,1377,transitive group,transitive group
1578,1377,Transitive groups,transitive group
1579,1378,transitive set,transitive set
1580,1379,transversal,transversal
1581,1379,transversals,transversal
1582,1380,tree,tree
1583,1381,tree decomposition,tree decomposition
1584,1382,tree enumeration,tree enumeration
1585,1383,treewidth,treewidth
1586,1384,triangle group,triangle group
1587,1385,triangular lattice,triangular lattice
1588,1386,triangulation,triangulation
1589,1386,triangulations,triangulation
1590,1387,tricirculant,tricirculant
1591,1388,tridiagonal pair,tridiagonal pair
1592,1389,trilaterals,trilateral
1593,1390,Truncation,truncation
1594,1391,tubulene,tubulene
1595,1392,TUC_4C_8(R) nanotube,tuc_4c_8(r) nanotube
1596,1393,TUC_4C_8(S) nanotube,tuc_4c_8(s) nanotube
1597,1394,Turán graph,turán graph
1598,1395,Turán numbers,turán number
1599,1396,Tutte polynomial,tutte polynomial
1600,1397,Tutte's 3-flow conjecture,tutte's 3-flow conjecture
1601,1398,two-fold isomorphisms,two-fold isomorphism
1602,1399,two-graph,two-graph
1603,1400,twofold triple system,twofold triple system
1604,1401,ultrahomogeneous graph,ultrahomogeneous graph
1605,1402,unbalanced coin,unbalanced coin
1606,1403,underlying graph,underlying graph
1607,1404,unicyclic graph,unicyclic graph
1608,1404,unicyclic graphs,unicyclic graph
1609,1405,uniform core graphs,uniform core graph
1610,1406,Uniform map,uniform map
1611,1407,uniform partial sum families,uniform partial sum family
1612,1408,Uniform poset,uniform poset
1613,1409,unilateral,unilateral
1614,1410,unimodular equivalence,unimodular equivalence
1615,1411,unit-distance graph,unit-distance graph
1616,1412,Unital,unital
1617,1412,Unitals,unital
1618,1413,Unitary groups,unitary group
1619,1414,Unramified Brauer group,unramified brauer group
1620,1415,unrooted hypermap,unrooted hypermap
1621,1416,Unrooted map,unrooted map
1622,1417,unsplittable configuration,unsplittable configuration
1623,1418,unsplittable graph,unsplittable graph
1624,1419,Upper embedding,upper embedding
1625,1420,V-construction,v-construction
1626,1421,valence sequence,valence sequence
1627,1422,Varchenko matrix,varchenko matrix
1628,1423,Veldkamp spaces,veldkamp space
1629,1424,Veronese variety,veronese variety
1630,1425,Vertex coloring,vertex coloring
1631,1426,Vertex colouring,vertex colouring
1632,1427,vertex connectivity,vertex connectivity
1633,1428,vertex transitive graphs,vertex transitive graph
1634,1429,vertex-amalgamation,vertex-amalgamation
1635,1430,vertex-cut,vertex-cut
1636,1431,vertex-quasiprimitive,vertex-quasiprimitive
1637,1432,vertex-transitive,vertex-transitive
1638,1433,vertex-transitive bipartite double cover,vertex-transitive bipartite double cover
1639,1434,vertex-transitive graph,vertex-transitive graph
1640,1434,Vertex-transitive graph,vertex-transitive graph
1641,1434,vertex-transitive graphs,vertex-transitive graph
1642,1435,vertex-transitive map,vertex-transitive map
1643,1436,violence,violence
1644,1437,Virtual links,virtual links
1645,1438,Vizing's conjecture,vizing's conjecture
1646,1440,voltage assignment,voltage assignment
1647,1440,voltage assignments,voltage assignment
1648,1439,voltages,voltage
1649,1441,vulnerability,vulnerability
1650,1442,Wada dessins,wada dessin
1651,1443,wallpaper group,wallpaper group
1652,1444,weak discrepancy,weak discrepancy
1653,1445,weak order,weak order
1654,1446,weak product of graphs,weak product of graph
1655,1447,weakly chordal graph,weakly chordal graph
1656,1448,weighted graphs,weighted graph
1657,1449,Weighted k-cyclic graph,weighted k-cyclic graph
1658,1450,welded knots,welded knot
1659,1451,well-covered graphs,well-covered graph
1660,1452,width function,width function
1661,1453,Wiener index,wiener index
1662,1454,Wiener inverse interval problem,wiener inverse interval problem
1663,1455,Wiener number,wiener number
1664,1456,Wiener polynomial,wiener polynomial
1665,1457,Wilf's problem,wilf's problem
1666,1458,wiring diagram,wiring diagram
1667,1459,wonderful compactification,wonderful compactification
1668,1460,Wreath product of complete graphs,wreath product of complete graph
1669,1461,wreath product of graphs,wreath product of graph
1670,1462,Z_3-connected,z_3-connected
1671,1463,Z_3-connectivity,z_3-connectivity
1672,1464,Zagreb indices,zagreb index
1673,1465,zero forcing number,zero forcing number
1674,1466,zero-symmetric graph,zero-symmetric graph
1675,1467,Zhang-Zhang polynomial,zhang-zhang polynomial
1676,1468,zig-zag nanotube,zig-zag nanotube
1677,1469,NA,NO KEYWORDS
